Match_Number,Opponent,Away_Condition,Gamification_Days,Winner,SortedCup
2,Vaalerenga,Baseline,Baseline,Home,1
2,Vaalerenga,Baseline,Baseline,Home,0
2,Vaalerenga,Baseline,Baseline,Home,0
2,Vaalerenga,Baseline,Baseline,Home,0
2,Vaalerenga,Baseline,Baseline,Home,0
2,Vaalerenga,Baseline,Baseline,Home,0
2,Vaalerenga,Baseline,Baseline,Home,0
2,Vaalerenga,Baseline,Baseline,Home,0
2,Vaalerenga,Baseline,Baseline,Home,0
2,Vaalerenga,Baseline,Baseline,Home,0
2,Vaalerenga,Baseline,Baseline,Home,1
2,Vaalerenga,Baseline,Baseline,Home,0
2,Vaalerenga,Baseline,Baseline,Home,0
2,Vaalerenga,Baseline,Baseline,Home,0
2,Vaalerenga,Baseline,Baseline,Home,0
2,Vaalerenga,Baseline,Baseline,Home,0
2,Vaalerenga,Baseline,Baseline,Home,0
2,Vaalerenga,Baseline,Baseline,Home,1
2,Vaalerenga,Baseline,Baseline,Home,0
2,Vaalerenga,Baseline,Baseline,Home,0
2,Vaalerenga,Baseline,Baseline,Home,0
2,Vaalerenga,Baseline,Baseline,Home,0
2,Vaalerenga,Baseline,Baseline,Home,0
2,Vaalerenga,Baseline,Baseline,Home,1
2,Vaalerenga,Baseline,Baseline,Home,0
2,Vaalerenga,Baseline,Baseline,Home,0
2,Vaalerenga,Baseline,Baseline,Home,0
2,Vaalerenga,Baseline,Baseline,Home,0
2,Vaalerenga,Baseline,Baseline,Home,0
2,Vaalerenga,Baseline,Baseline,Home,1
2,Vaalerenga,Baseline,Baseline,Home,0
2,Vaalerenga,Baseline,Baseline,Home,1
2,Vaalerenga,Baseline,Baseline,Home,0
2,Vaalerenga,Baseline,Baseline,Home,0
2,Vaalerenga,Baseline,Baseline,Home,0
2,Vaalerenga,Baseline,Baseline,Home,0
2,Vaalerenga,Baseline,Baseline,Home,0
2,Vaalerenga,Baseline,Baseline,Home,0
2,Vaalerenga,Baseline,Baseline,Home,0
2,Vaalerenga,Baseline,Baseline,Home,0
2,Vaalerenga,Baseline,Baseline,Home,1
2,Vaalerenga,Baseline,Baseline,Home,0
2,Vaalerenga,Baseline,Baseline,Home,0
2,Vaalerenga,Baseline,Baseline,Home,0
2,Vaalerenga,Baseline,Baseline,Home,0
2,Vaalerenga,Baseline,Baseline,Home,0
2,Vaalerenga,Baseline,Baseline,Home,0
2,Vaalerenga,Baseline,Baseline,Home,0
2,Vaalerenga,Baseline,Baseline,Home,1
2,Vaalerenga,Baseline,Baseline,Home,0
2,Vaalerenga,Baseline,Baseline,Home,1
2,Vaalerenga,Baseline,Baseline,Home,1
2,Vaalerenga,Baseline,Baseline,Home,1
2,Vaalerenga,Baseline,Baseline,Home,0
2,Vaalerenga,Baseline,Baseline,Home,1
2,Vaalerenga,Baseline,Baseline,Home,0
2,Vaalerenga,Baseline,Baseline,Home,0
2,Vaalerenga,Baseline,Baseline,Home,1
2,Vaalerenga,Baseline,Baseline,Home,0
2,Vaalerenga,Baseline,Baseline,Home,0
2,Vaalerenga,Baseline,Baseline,Home,0
2,Vaalerenga,Baseline,Baseline,Home,0
2,Vaalerenga,Baseline,Baseline,Home,0
2,Vaalerenga,Baseline,Baseline,Home,1
2,Vaalerenga,Baseline,Baseline,Home,0
2,Vaalerenga,Baseline,Baseline,Home,0
2,Vaalerenga,Baseline,Baseline,Home,0
2,Vaalerenga,Baseline,Baseline,Home,1
2,Vaalerenga,Baseline,Baseline,Home,0
2,Vaalerenga,Baseline,Baseline,Home,0
2,Vaalerenga,Baseline,Baseline,Home,1
2,Vaalerenga,Baseline,Baseline,Home,0
2,Vaalerenga,Baseline,Baseline,Home,0
2,Vaalerenga,Baseline,Baseline,Home,0
2,Vaalerenga,Baseline,Baseline,Home,0
2,Vaalerenga,Baseline,Baseline,Home,0
2,Vaalerenga,Baseline,Baseline,Home,0
2,Vaalerenga,Baseline,Baseline,Home,1
2,Vaalerenga,Baseline,Baseline,Home,0
2,Vaalerenga,Baseline,Baseline,Home,0
2,Vaalerenga,Baseline,Baseline,Home,0
2,Vaalerenga,Baseline,Baseline,Home,0
2,Vaalerenga,Baseline,Baseline,Home,0
2,Vaalerenga,Baseline,Baseline,Home,0
2,Vaalerenga,Baseline,Baseline,Home,0
2,Vaalerenga,Baseline,Baseline,Home,0
2,Vaalerenga,Baseline,Baseline,Home,0
2,Vaalerenga,Baseline,Baseline,Home,0
2,Vaalerenga,Baseline,Baseline,Home,0
2,Vaalerenga,Baseline,Baseline,Home,0
2,Vaalerenga,Baseline,Baseline,Home,0
2,Vaalerenga,Baseline,Baseline,Home,1
2,Vaalerenga,Baseline,Baseline,Home,0
2,Vaalerenga,Baseline,Baseline,Home,0
2,Vaalerenga,Baseline,Baseline,Home,0
2,Vaalerenga,Baseline,Baseline,Home,0
2,Vaalerenga,Baseline,Baseline,Home,0
2,Vaalerenga,Baseline,Baseline,Home,0
2,Vaalerenga,Baseline,Baseline,Home,0
2,Vaalerenga,Baseline,Baseline,Home,0
2,Vaalerenga,Baseline,Baseline,Home,0
2,Vaalerenga,Baseline,Baseline,Home,0
2,Vaalerenga,Baseline,Baseline,Home,0
2,Vaalerenga,Baseline,Baseline,Home,1
2,Vaalerenga,Baseline,Baseline,Home,0
2,Vaalerenga,Baseline,Baseline,Home,0
2,Vaalerenga,Baseline,Baseline,Home,0
2,Vaalerenga,Baseline,Baseline,Home,0
2,Vaalerenga,Baseline,Baseline,Home,0
2,Vaalerenga,Baseline,Baseline,Home,0
2,Vaalerenga,Baseline,Baseline,Home,0
2,Vaalerenga,Baseline,Baseline,Home,0
2,Vaalerenga,Baseline,Baseline,Home,0
2,Vaalerenga,Baseline,Baseline,Home,0
2,Vaalerenga,Baseline,Baseline,Home,0
2,Vaalerenga,Baseline,Baseline,Home,0
2,Vaalerenga,Baseline,Baseline,Home,0
2,Vaalerenga,Baseline,Baseline,Home,0
2,Vaalerenga,Baseline,Baseline,Home,0
2,Vaalerenga,Baseline,Baseline,Home,0
2,Vaalerenga,Baseline,Baseline,Home,1
2,Vaalerenga,Baseline,Baseline,Home,1
2,Vaalerenga,Baseline,Baseline,Home,0
2,Vaalerenga,Baseline,Baseline,Home,0
2,Vaalerenga,Baseline,Baseline,Home,0
2,Vaalerenga,Baseline,Baseline,Home,0
2,Vaalerenga,Baseline,Baseline,Home,0
2,Vaalerenga,Baseline,Baseline,Home,0
2,Vaalerenga,Baseline,Baseline,Home,1
2,Vaalerenga,Baseline,Baseline,Home,0
2,Vaalerenga,Baseline,Baseline,Home,0
2,Vaalerenga,Baseline,Baseline,Home,0
2,Vaalerenga,Baseline,Baseline,Home,0
2,Vaalerenga,Baseline,Baseline,Home,0
2,Vaalerenga,Baseline,Baseline,Home,0
2,Vaalerenga,Baseline,Baseline,Home,0
2,Vaalerenga,Baseline,Baseline,Home,1
2,Vaalerenga,Baseline,Baseline,Home,0
2,Vaalerenga,Baseline,Baseline,Home,0
2,Vaalerenga,Baseline,Baseline,Home,0
2,Vaalerenga,Baseline,Baseline,Home,0
2,Vaalerenga,Baseline,Baseline,Home,0
2,Vaalerenga,Baseline,Baseline,Home,0
2,Vaalerenga,Baseline,Baseline,Home,0
2,Vaalerenga,Baseline,Baseline,Home,0
2,Vaalerenga,Baseline,Baseline,Home,0
2,Vaalerenga,Baseline,Baseline,Home,0
2,Vaalerenga,Baseline,Baseline,Home,0
2,Vaalerenga,Baseline,Baseline,Home,1
2,Vaalerenga,Baseline,Baseline,Home,0
2,Vaalerenga,Baseline,Baseline,Home,1
2,Vaalerenga,Baseline,Baseline,Home,0
2,Vaalerenga,Baseline,Baseline,Home,0
2,Vaalerenga,Baseline,Baseline,Home,1
2,Vaalerenga,Baseline,Baseline,Home,0
2,Vaalerenga,Baseline,Baseline,Home,1
2,Vaalerenga,Baseline,Baseline,Home,0
2,Vaalerenga,Baseline,Baseline,Home,0
2,Vaalerenga,Baseline,Baseline,Home,0
2,Vaalerenga,Baseline,Baseline,Home,0
2,Vaalerenga,Baseline,Baseline,Home,0
2,Vaalerenga,Baseline,Baseline,Home,0
2,Vaalerenga,Baseline,Baseline,Home,0
2,Vaalerenga,Baseline,Baseline,Home,0
2,Vaalerenga,Baseline,Baseline,Home,0
2,Vaalerenga,Baseline,Baseline,Home,0
2,Vaalerenga,Baseline,Baseline,Home,1
2,Vaalerenga,Baseline,Baseline,Home,0
2,Vaalerenga,Baseline,Baseline,Home,0
2,Vaalerenga,Baseline,Baseline,Home,0
2,Vaalerenga,Baseline,Baseline,Home,0
2,Vaalerenga,Baseline,Baseline,Home,0
2,Vaalerenga,Baseline,Baseline,Home,0
2,Vaalerenga,Baseline,Baseline,Home,0
2,Vaalerenga,Baseline,Baseline,Home,0
2,Vaalerenga,Baseline,Baseline,Home,0
2,Vaalerenga,Baseline,Baseline,Home,0
2,Vaalerenga,Baseline,Baseline,Home,0
2,Vaalerenga,Baseline,Baseline,Home,0
2,Vaalerenga,Baseline,Baseline,Home,0
2,Vaalerenga,Baseline,Baseline,Home,1
2,Vaalerenga,Baseline,Baseline,Home,0
2,Vaalerenga,Baseline,Baseline,Home,1
2,Vaalerenga,Baseline,Baseline,Home,0
2,Vaalerenga,Baseline,Baseline,Home,0
2,Vaalerenga,Baseline,Baseline,Home,0
2,Vaalerenga,Baseline,Baseline,Home,0
2,Vaalerenga,Baseline,Baseline,Home,0
2,Vaalerenga,Baseline,Baseline,Home,1
2,Vaalerenga,Baseline,Baseline,Home,0
2,Vaalerenga,Baseline,Baseline,Home,0
2,Vaalerenga,Baseline,Baseline,Home,0
2,Vaalerenga,Baseline,Baseline,Home,0
2,Vaalerenga,Baseline,Baseline,Home,0
2,Vaalerenga,Baseline,Baseline,Home,0
2,Vaalerenga,Baseline,Baseline,Home,0
2,Vaalerenga,Baseline,Baseline,Home,0
2,Vaalerenga,Baseline,Baseline,Home,0
2,Vaalerenga,Baseline,Baseline,Home,0
2,Vaalerenga,Baseline,Baseline,Home,0
2,Vaalerenga,Baseline,Baseline,Home,1
2,Vaalerenga,Baseline,Baseline,Home,0
2,Vaalerenga,Baseline,Baseline,Home,0
2,Vaalerenga,Baseline,Baseline,Home,1
2,Vaalerenga,Baseline,Baseline,Home,0
2,Vaalerenga,Baseline,Baseline,Home,0
2,Vaalerenga,Baseline,Baseline,Home,0
2,Vaalerenga,Baseline,Baseline,Home,1
2,Vaalerenga,Baseline,Baseline,Home,0
2,Vaalerenga,Baseline,Baseline,Home,0
2,Vaalerenga,Baseline,Baseline,Home,1
2,Vaalerenga,Baseline,Baseline,Home,1
2,Vaalerenga,Baseline,Baseline,Home,0
2,Vaalerenga,Baseline,Baseline,Home,0
2,Vaalerenga,Baseline,Baseline,Home,0
2,Vaalerenga,Baseline,Baseline,Home,0
2,Vaalerenga,Baseline,Baseline,Home,0
2,Vaalerenga,Baseline,Baseline,Home,0
2,Vaalerenga,Baseline,Baseline,Home,0
2,Vaalerenga,Baseline,Baseline,Home,0
2,Vaalerenga,Baseline,Baseline,Home,0
2,Vaalerenga,Baseline,Baseline,Home,0
2,Vaalerenga,Baseline,Baseline,Home,0
2,Vaalerenga,Baseline,Baseline,Home,0
2,Vaalerenga,Baseline,Baseline,Home,0
2,Vaalerenga,Baseline,Baseline,Home,0
2,Vaalerenga,Baseline,Baseline,Home,0
2,Vaalerenga,Baseline,Baseline,Home,0
2,Vaalerenga,Baseline,Baseline,Home,0
2,Vaalerenga,Baseline,Baseline,Home,0
2,Vaalerenga,Baseline,Baseline,Home,0
2,Vaalerenga,Baseline,Baseline,Home,0
2,Vaalerenga,Baseline,Baseline,Home,0
2,Vaalerenga,Baseline,Baseline,Home,1
2,Vaalerenga,Baseline,Baseline,Home,0
2,Vaalerenga,Baseline,Baseline,Home,0
2,Vaalerenga,Baseline,Baseline,Home,0
2,Vaalerenga,Baseline,Baseline,Home,1
2,Vaalerenga,Baseline,Baseline,Home,0
2,Vaalerenga,Baseline,Baseline,Home,0
2,Vaalerenga,Baseline,Baseline,Home,0
2,Vaalerenga,Baseline,Baseline,Home,0
2,Vaalerenga,Baseline,Baseline,Home,0
2,Vaalerenga,Baseline,Baseline,Home,0
2,Vaalerenga,Baseline,Baseline,Home,0
2,Vaalerenga,Baseline,Baseline,Home,0
2,Vaalerenga,Baseline,Baseline,Home,0
2,Vaalerenga,Baseline,Baseline,Home,0
2,Vaalerenga,Baseline,Baseline,Home,1
2,Vaalerenga,Baseline,Baseline,Home,0
2,Vaalerenga,Baseline,Baseline,Home,0
2,Vaalerenga,Baseline,Baseline,Home,1
2,Vaalerenga,Baseline,Baseline,Home,0
2,Vaalerenga,Baseline,Baseline,Home,0
2,Vaalerenga,Baseline,Baseline,Home,0
2,Vaalerenga,Baseline,Baseline,Home,0
2,Vaalerenga,Baseline,Baseline,Home,0
2,Vaalerenga,Baseline,Baseline,Home,0
2,Vaalerenga,Baseline,Baseline,Home,0
2,Vaalerenga,Baseline,Baseline,Home,0
2,Vaalerenga,Baseline,Baseline,Home,0
2,Vaalerenga,Baseline,Baseline,Home,0
2,Vaalerenga,Baseline,Baseline,Home,0
2,Vaalerenga,Baseline,Baseline,Home,0
2,Vaalerenga,Baseline,Baseline,Home,1
2,Vaalerenga,Baseline,Baseline,Home,0
2,Vaalerenga,Baseline,Baseline,Home,1
2,Vaalerenga,Baseline,Baseline,Home,0
2,Vaalerenga,Baseline,Baseline,Home,0
2,Vaalerenga,Baseline,Baseline,Home,0
2,Vaalerenga,Baseline,Baseline,Home,0
2,Vaalerenga,Baseline,Baseline,Home,0
2,Vaalerenga,Baseline,Baseline,Home,1
2,Vaalerenga,Baseline,Baseline,Home,0
2,Vaalerenga,Baseline,Baseline,Home,1
2,Vaalerenga,Baseline,Baseline,Home,0
3,Sandefjord,Baseline,Baseline,Tie,1
3,Sandefjord,Baseline,Baseline,Tie,0
3,Sandefjord,Baseline,Baseline,Tie,0
3,Sandefjord,Baseline,Baseline,Tie,0
3,Sandefjord,Baseline,Baseline,Tie,0
3,Sandefjord,Baseline,Baseline,Tie,0
3,Sandefjord,Baseline,Baseline,Tie,0
3,Sandefjord,Baseline,Baseline,Tie,0
4,Stabaek,Ingroup,No,Home,0
4,Stabaek,Ingroup,No,Home,0
4,Stabaek,Ingroup,No,Home,0
4,Stabaek,Ingroup,No,Home,0
4,Stabaek,Ingroup,No,Home,0
4,Stabaek,Ingroup,No,Home,0
4,Stabaek,Ingroup,No,Home,0
4,Stabaek,Ingroup,No,Home,0
4,Stabaek,Ingroup,No,Home,0
4,Stabaek,Ingroup,No,Home,0
4,Stabaek,Ingroup,No,Home,1
4,Stabaek,Ingroup,No,Home,0
4,Stabaek,Ingroup,No,Home,0
4,Stabaek,Ingroup,No,Home,0
4,Stabaek,Ingroup,No,Home,0
4,Stabaek,Ingroup,No,Home,0
4,Stabaek,Ingroup,No,Home,0
4,Stabaek,Ingroup,No,Home,0
4,Stabaek,Ingroup,No,Home,0
4,Stabaek,Ingroup,No,Home,1
4,Stabaek,Ingroup,No,Home,0
4,Stabaek,Ingroup,No,Home,0
4,Stabaek,Ingroup,No,Home,1
4,Stabaek,Ingroup,No,Home,0
4,Stabaek,Ingroup,No,Home,0
4,Stabaek,Ingroup,No,Home,0
4,Stabaek,Ingroup,No,Home,0
4,Stabaek,Ingroup,No,Home,1
4,Stabaek,Ingroup,No,Home,0
4,Stabaek,Ingroup,No,Home,1
4,Stabaek,Ingroup,No,Home,0
4,Stabaek,Ingroup,No,Home,0
4,Stabaek,Ingroup,No,Home,0
4,Stabaek,Ingroup,No,Home,0
4,Stabaek,Ingroup,No,Home,0
4,Stabaek,Ingroup,No,Home,1
4,Stabaek,Ingroup,No,Home,0
4,Stabaek,Ingroup,No,Home,1
4,Stabaek,Ingroup,No,Home,1
4,Stabaek,Ingroup,No,Home,1
4,Stabaek,Ingroup,No,Home,0
4,Stabaek,Ingroup,No,Home,0
4,Stabaek,Ingroup,No,Home,0
4,Stabaek,Ingroup,No,Home,1
4,Stabaek,Ingroup,No,Home,0
4,Stabaek,Ingroup,No,Home,0
4,Stabaek,Ingroup,No,Home,0
4,Stabaek,Ingroup,No,Home,0
4,Stabaek,Ingroup,No,Home,0
4,Stabaek,Ingroup,No,Home,0
4,Stabaek,Ingroup,No,Home,0
4,Stabaek,Ingroup,No,Home,0
4,Stabaek,Ingroup,No,Home,0
4,Stabaek,Ingroup,No,Home,1
4,Stabaek,Ingroup,No,Home,0
4,Stabaek,Ingroup,No,Home,0
4,Stabaek,Ingroup,No,Home,0
4,Stabaek,Ingroup,No,Home,0
4,Stabaek,Ingroup,No,Home,0
4,Stabaek,Ingroup,No,Home,0
4,Stabaek,Ingroup,No,Home,0
4,Stabaek,Ingroup,No,Home,0
4,Stabaek,Ingroup,No,Home,0
4,Stabaek,Ingroup,No,Home,0
4,Stabaek,Ingroup,No,Home,0
4,Stabaek,Ingroup,No,Home,0
4,Stabaek,Ingroup,No,Home,0
4,Stabaek,Ingroup,No,Home,0
4,Stabaek,Ingroup,No,Home,0
4,Stabaek,Ingroup,No,Home,0
4,Stabaek,Ingroup,No,Home,1
4,Stabaek,Ingroup,No,Home,0
4,Stabaek,Ingroup,No,Home,0
4,Stabaek,Ingroup,No,Home,0
4,Stabaek,Ingroup,No,Home,0
4,Stabaek,Ingroup,No,Home,0
4,Stabaek,Ingroup,No,Home,0
4,Stabaek,Ingroup,No,Home,0
4,Stabaek,Ingroup,No,Home,0
4,Stabaek,Ingroup,No,Home,1
4,Stabaek,Ingroup,No,Home,1
4,Stabaek,Ingroup,No,Home,0
4,Stabaek,Ingroup,No,Home,1
4,Stabaek,Ingroup,No,Home,0
4,Stabaek,Ingroup,No,Home,0
4,Stabaek,Ingroup,No,Home,0
4,Stabaek,Ingroup,No,Home,0
4,Stabaek,Ingroup,No,Home,0
4,Stabaek,Ingroup,No,Home,0
4,Stabaek,Ingroup,No,Home,0
4,Stabaek,Ingroup,No,Home,0
4,Stabaek,Ingroup,No,Home,1
4,Stabaek,Ingroup,No,Home,0
4,Stabaek,Ingroup,No,Home,0
4,Stabaek,Ingroup,No,Home,0
4,Stabaek,Ingroup,No,Home,1
4,Stabaek,Ingroup,No,Home,0
4,Stabaek,Ingroup,No,Home,0
4,Stabaek,Ingroup,No,Home,0
4,Stabaek,Ingroup,No,Home,0
4,Stabaek,Ingroup,No,Home,0
4,Stabaek,Ingroup,No,Home,0
4,Stabaek,Ingroup,No,Home,0
4,Stabaek,Ingroup,No,Home,0
4,Stabaek,Ingroup,No,Home,0
4,Stabaek,Ingroup,No,Home,0
4,Stabaek,Ingroup,No,Home,0
4,Stabaek,Ingroup,No,Home,0
4,Stabaek,Ingroup,No,Home,0
4,Stabaek,Ingroup,No,Home,0
4,Stabaek,Ingroup,No,Home,0
4,Stabaek,Ingroup,No,Home,0
4,Stabaek,Ingroup,No,Home,0
4,Stabaek,Ingroup,No,Home,0
4,Stabaek,Ingroup,No,Home,0
4,Stabaek,Ingroup,No,Home,1
4,Stabaek,Ingroup,No,Home,0
4,Stabaek,Ingroup,No,Home,0
4,Stabaek,Ingroup,No,Home,0
4,Stabaek,Ingroup,No,Home,0
4,Stabaek,Ingroup,No,Home,0
4,Stabaek,Ingroup,No,Home,0
4,Stabaek,Ingroup,No,Home,0
4,Stabaek,Ingroup,No,Home,0
4,Stabaek,Ingroup,No,Home,0
4,Stabaek,Ingroup,No,Home,0
4,Stabaek,Ingroup,No,Home,0
4,Stabaek,Ingroup,No,Home,0
4,Stabaek,Ingroup,No,Home,0
4,Stabaek,Ingroup,No,Home,0
4,Stabaek,Ingroup,No,Home,0
4,Stabaek,Ingroup,No,Home,0
4,Stabaek,Ingroup,No,Home,0
4,Stabaek,Ingroup,No,Home,0
4,Stabaek,Ingroup,No,Home,0
4,Stabaek,Ingroup,No,Home,1
4,Stabaek,Ingroup,No,Home,0
4,Stabaek,Ingroup,No,Home,0
5,Rosenborg,Outgroup,No,Home,0
5,Rosenborg,Outgroup,No,Home,0
5,Rosenborg,Outgroup,No,Home,0
5,Rosenborg,Outgroup,No,Home,1
5,Rosenborg,Outgroup,No,Home,0
5,Rosenborg,Outgroup,No,Home,0
5,Rosenborg,Outgroup,No,Home,0
5,Rosenborg,Outgroup,No,Home,0
5,Rosenborg,Outgroup,No,Home,0
5,Rosenborg,Outgroup,No,Home,0
5,Rosenborg,Outgroup,No,Home,0
5,Rosenborg,Outgroup,No,Home,0
5,Rosenborg,Outgroup,No,Home,0
5,Rosenborg,Outgroup,No,Home,1
5,Rosenborg,Outgroup,No,Home,1
5,Rosenborg,Outgroup,No,Home,0
5,Rosenborg,Outgroup,No,Home,1
5,Rosenborg,Outgroup,No,Home,0
5,Rosenborg,Outgroup,No,Home,0
5,Rosenborg,Outgroup,No,Home,0
5,Rosenborg,Outgroup,No,Home,0
5,Rosenborg,Outgroup,No,Home,0
5,Rosenborg,Outgroup,No,Home,0
5,Rosenborg,Outgroup,No,Home,0
5,Rosenborg,Outgroup,No,Home,0
5,Rosenborg,Outgroup,No,Home,0
5,Rosenborg,Outgroup,No,Home,1
5,Rosenborg,Outgroup,No,Home,0
5,Rosenborg,Outgroup,No,Home,0
5,Rosenborg,Outgroup,No,Home,0
5,Rosenborg,Outgroup,No,Home,0
5,Rosenborg,Outgroup,No,Home,0
5,Rosenborg,Outgroup,No,Home,1
5,Rosenborg,Outgroup,No,Home,1
5,Rosenborg,Outgroup,No,Home,0
5,Rosenborg,Outgroup,No,Home,0
5,Rosenborg,Outgroup,No,Home,0
5,Rosenborg,Outgroup,No,Home,0
5,Rosenborg,Outgroup,No,Home,0
5,Rosenborg,Outgroup,No,Home,0
5,Rosenborg,Outgroup,No,Home,0
5,Rosenborg,Outgroup,No,Home,0
5,Rosenborg,Outgroup,No,Home,1
5,Rosenborg,Outgroup,No,Home,0
5,Rosenborg,Outgroup,No,Home,0
5,Rosenborg,Outgroup,No,Home,0
5,Rosenborg,Outgroup,No,Home,0
5,Rosenborg,Outgroup,No,Home,0
5,Rosenborg,Outgroup,No,Home,0
5,Rosenborg,Outgroup,No,Home,1
5,Rosenborg,Outgroup,No,Home,0
5,Rosenborg,Outgroup,No,Home,1
5,Rosenborg,Outgroup,No,Home,0
5,Rosenborg,Outgroup,No,Home,1
5,Rosenborg,Outgroup,No,Home,0
5,Rosenborg,Outgroup,No,Home,0
5,Rosenborg,Outgroup,No,Home,0
5,Rosenborg,Outgroup,No,Home,0
5,Rosenborg,Outgroup,No,Home,0
5,Rosenborg,Outgroup,No,Home,1
5,Rosenborg,Outgroup,No,Home,0
5,Rosenborg,Outgroup,No,Home,0
5,Rosenborg,Outgroup,No,Home,0
5,Rosenborg,Outgroup,No,Home,0
5,Rosenborg,Outgroup,No,Home,0
5,Rosenborg,Outgroup,No,Home,0
5,Rosenborg,Outgroup,No,Home,0
5,Rosenborg,Outgroup,No,Home,1
5,Rosenborg,Outgroup,No,Home,0
5,Rosenborg,Outgroup,No,Home,0
5,Rosenborg,Outgroup,No,Home,1
5,Rosenborg,Outgroup,No,Home,0
5,Rosenborg,Outgroup,No,Home,0
5,Rosenborg,Outgroup,No,Home,0
5,Rosenborg,Outgroup,No,Home,1
5,Rosenborg,Outgroup,No,Home,0
5,Rosenborg,Outgroup,No,Home,1
5,Rosenborg,Outgroup,No,Home,0
5,Rosenborg,Outgroup,No,Home,1
5,Rosenborg,Outgroup,No,Home,0
5,Rosenborg,Outgroup,No,Home,0
5,Rosenborg,Outgroup,No,Home,0
5,Rosenborg,Outgroup,No,Home,1
5,Rosenborg,Outgroup,No,Home,0
5,Rosenborg,Outgroup,No,Home,0
5,Rosenborg,Outgroup,No,Home,0
5,Rosenborg,Outgroup,No,Home,0
5,Rosenborg,Outgroup,No,Home,0
5,Rosenborg,Outgroup,No,Home,0
5,Rosenborg,Outgroup,No,Home,0
5,Rosenborg,Outgroup,No,Home,0
5,Rosenborg,Outgroup,No,Home,1
5,Rosenborg,Outgroup,No,Home,0
5,Rosenborg,Outgroup,No,Home,0
5,Rosenborg,Outgroup,No,Home,0
5,Rosenborg,Outgroup,No,Home,0
5,Rosenborg,Outgroup,No,Home,1
5,Rosenborg,Outgroup,No,Home,0
5,Rosenborg,Outgroup,No,Home,1
5,Rosenborg,Outgroup,No,Home,0
5,Rosenborg,Outgroup,No,Home,0
5,Rosenborg,Outgroup,No,Home,1
5,Rosenborg,Outgroup,No,Home,0
5,Rosenborg,Outgroup,No,Home,0
5,Rosenborg,Outgroup,No,Home,1
5,Rosenborg,Outgroup,No,Home,0
5,Rosenborg,Outgroup,No,Home,1
5,Rosenborg,Outgroup,No,Home,0
5,Rosenborg,Outgroup,No,Home,0
5,Rosenborg,Outgroup,No,Home,0
5,Rosenborg,Outgroup,No,Home,0
5,Rosenborg,Outgroup,No,Home,0
5,Rosenborg,Outgroup,No,Home,0
5,Rosenborg,Outgroup,No,Home,0
5,Rosenborg,Outgroup,No,Home,0
5,Rosenborg,Outgroup,No,Home,1
5,Rosenborg,Outgroup,No,Home,1
5,Rosenborg,Outgroup,No,Home,0
5,Rosenborg,Outgroup,No,Home,0
5,Rosenborg,Outgroup,No,Home,1
5,Rosenborg,Outgroup,No,Home,0
5,Rosenborg,Outgroup,No,Home,0
5,Rosenborg,Outgroup,No,Home,1
5,Rosenborg,Outgroup,No,Home,0
5,Rosenborg,Outgroup,No,Home,0
5,Rosenborg,Outgroup,No,Home,0
5,Rosenborg,Outgroup,No,Home,0
5,Rosenborg,Outgroup,No,Home,0
5,Rosenborg,Outgroup,No,Home,1
5,Rosenborg,Outgroup,No,Home,0
5,Rosenborg,Outgroup,No,Home,0
5,Rosenborg,Outgroup,No,Home,0
5,Rosenborg,Outgroup,No,Home,0
5,Rosenborg,Outgroup,No,Home,0
5,Rosenborg,Outgroup,No,Home,0
5,Rosenborg,Outgroup,No,Home,1
5,Rosenborg,Outgroup,No,Home,0
5,Rosenborg,Outgroup,No,Home,0
5,Rosenborg,Outgroup,No,Home,0
5,Rosenborg,Outgroup,No,Home,0
5,Rosenborg,Outgroup,No,Home,0
5,Rosenborg,Outgroup,No,Home,0
5,Rosenborg,Outgroup,No,Home,0
5,Rosenborg,Outgroup,No,Home,0
5,Rosenborg,Outgroup,No,Home,0
5,Rosenborg,Outgroup,No,Home,0
5,Rosenborg,Outgroup,No,Home,1
5,Rosenborg,Outgroup,No,Home,0
5,Rosenborg,Outgroup,No,Home,0
5,Rosenborg,Outgroup,No,Home,0
5,Rosenborg,Outgroup,No,Home,0
5,Rosenborg,Outgroup,No,Home,0
5,Rosenborg,Outgroup,No,Home,0
5,Rosenborg,Outgroup,No,Home,0
5,Rosenborg,Outgroup,No,Home,0
5,Rosenborg,Outgroup,No,Home,0
5,Rosenborg,Outgroup,No,Home,0
5,Rosenborg,Outgroup,No,Home,1
5,Rosenborg,Outgroup,No,Home,0
5,Rosenborg,Outgroup,No,Home,0
5,Rosenborg,Outgroup,No,Home,1
5,Rosenborg,Outgroup,No,Home,0
5,Rosenborg,Outgroup,No,Home,1
5,Rosenborg,Outgroup,No,Home,0
5,Rosenborg,Outgroup,No,Home,0
5,Rosenborg,Outgroup,No,Home,1
5,Rosenborg,Outgroup,No,Home,0
5,Rosenborg,Outgroup,No,Home,0
5,Rosenborg,Outgroup,No,Home,0
5,Rosenborg,Outgroup,No,Home,0
5,Rosenborg,Outgroup,No,Home,0
5,Rosenborg,Outgroup,No,Home,0
5,Rosenborg,Outgroup,No,Home,0
5,Rosenborg,Outgroup,No,Home,0
5,Rosenborg,Outgroup,No,Home,0
5,Rosenborg,Outgroup,No,Home,0
5,Rosenborg,Outgroup,No,Home,0
5,Rosenborg,Outgroup,No,Home,0
5,Rosenborg,Outgroup,No,Home,1
5,Rosenborg,Outgroup,No,Home,0
5,Rosenborg,Outgroup,No,Home,1
5,Rosenborg,Outgroup,No,Home,0
5,Rosenborg,Outgroup,No,Home,0
5,Rosenborg,Outgroup,No,Home,0
5,Rosenborg,Outgroup,No,Home,0
5,Rosenborg,Outgroup,No,Home,0
5,Rosenborg,Outgroup,No,Home,1
5,Rosenborg,Outgroup,No,Home,0
5,Rosenborg,Outgroup,No,Home,0
5,Rosenborg,Outgroup,No,Home,0
5,Rosenborg,Outgroup,No,Home,0
5,Rosenborg,Outgroup,No,Home,0
5,Rosenborg,Outgroup,No,Home,0
5,Rosenborg,Outgroup,No,Home,1
5,Rosenborg,Outgroup,No,Home,0
5,Rosenborg,Outgroup,No,Home,1
5,Rosenborg,Outgroup,No,Home,0
5,Rosenborg,Outgroup,No,Home,0
5,Rosenborg,Outgroup,No,Home,0
5,Rosenborg,Outgroup,No,Home,0
5,Rosenborg,Outgroup,No,Home,1
5,Rosenborg,Outgroup,No,Home,0
5,Rosenborg,Outgroup,No,Home,0
5,Rosenborg,Outgroup,No,Home,0
5,Rosenborg,Outgroup,No,Home,0
5,Rosenborg,Outgroup,No,Home,0
5,Rosenborg,Outgroup,No,Home,0
5,Rosenborg,Outgroup,No,Home,0
5,Rosenborg,Outgroup,No,Home,1
5,Rosenborg,Outgroup,No,Home,1
5,Rosenborg,Outgroup,No,Home,0
5,Rosenborg,Outgroup,No,Home,0
5,Rosenborg,Outgroup,No,Home,0
5,Rosenborg,Outgroup,No,Home,0
5,Rosenborg,Outgroup,No,Home,0
5,Rosenborg,Outgroup,No,Home,0
5,Rosenborg,Outgroup,No,Home,1
5,Rosenborg,Outgroup,No,Home,0
5,Rosenborg,Outgroup,No,Home,0
5,Rosenborg,Outgroup,No,Home,0
5,Rosenborg,Outgroup,No,Home,0
5,Rosenborg,Outgroup,No,Home,1
5,Rosenborg,Outgroup,No,Home,0
5,Rosenborg,Outgroup,No,Home,1
5,Rosenborg,Outgroup,No,Home,0
5,Rosenborg,Outgroup,No,Home,0
5,Rosenborg,Outgroup,No,Home,0
5,Rosenborg,Outgroup,No,Home,0
5,Rosenborg,Outgroup,No,Home,0
5,Rosenborg,Outgroup,No,Home,0
5,Rosenborg,Outgroup,No,Home,0
5,Rosenborg,Outgroup,No,Home,0
5,Rosenborg,Outgroup,No,Home,1
5,Rosenborg,Outgroup,No,Home,0
5,Rosenborg,Outgroup,No,Home,0
5,Rosenborg,Outgroup,No,Home,0
5,Rosenborg,Outgroup,No,Home,0
5,Rosenborg,Outgroup,No,Home,0
5,Rosenborg,Outgroup,No,Home,0
5,Rosenborg,Outgroup,No,Home,1
5,Rosenborg,Outgroup,No,Home,0
5,Rosenborg,Outgroup,No,Home,0
5,Rosenborg,Outgroup,No,Home,1
5,Rosenborg,Outgroup,No,Home,0
5,Rosenborg,Outgroup,No,Home,0
5,Rosenborg,Outgroup,No,Home,0
5,Rosenborg,Outgroup,No,Home,0
5,Rosenborg,Outgroup,No,Home,1
5,Rosenborg,Outgroup,No,Home,0
5,Rosenborg,Outgroup,No,Home,0
5,Rosenborg,Outgroup,No,Home,0
5,Rosenborg,Outgroup,No,Home,0
5,Rosenborg,Outgroup,No,Home,0
5,Rosenborg,Outgroup,No,Home,0
5,Rosenborg,Outgroup,No,Home,1
5,Rosenborg,Outgroup,No,Home,0
5,Rosenborg,Outgroup,No,Home,0
5,Rosenborg,Outgroup,No,Home,0
5,Rosenborg,Outgroup,No,Home,0
5,Rosenborg,Outgroup,No,Home,0
5,Rosenborg,Outgroup,No,Home,0
5,Rosenborg,Outgroup,No,Home,0
5,Rosenborg,Outgroup,No,Home,1
5,Rosenborg,Outgroup,No,Home,0
5,Rosenborg,Outgroup,No,Home,0
5,Rosenborg,Outgroup,No,Home,0
5,Rosenborg,Outgroup,No,Home,0
5,Rosenborg,Outgroup,No,Home,0
5,Rosenborg,Outgroup,No,Home,0
5,Rosenborg,Outgroup,No,Home,0
5,Rosenborg,Outgroup,No,Home,0
5,Rosenborg,Outgroup,No,Home,0
5,Rosenborg,Outgroup,No,Home,0
5,Rosenborg,Outgroup,No,Home,0
5,Rosenborg,Outgroup,No,Home,0
5,Rosenborg,Outgroup,No,Home,0
5,Rosenborg,Outgroup,No,Home,1
5,Rosenborg,Outgroup,No,Home,0
5,Rosenborg,Outgroup,No,Home,0
5,Rosenborg,Outgroup,No,Home,0
5,Rosenborg,Outgroup,No,Home,1
5,Rosenborg,Outgroup,No,Home,0
5,Rosenborg,Outgroup,No,Home,0
5,Rosenborg,Outgroup,No,Home,0
5,Rosenborg,Outgroup,No,Home,0
5,Rosenborg,Outgroup,No,Home,0
5,Rosenborg,Outgroup,No,Home,0
5,Rosenborg,Outgroup,No,Home,0
5,Rosenborg,Outgroup,No,Home,0
6,Lillestroem,Ingroup,No,Tie,1
6,Lillestroem,Ingroup,No,Tie,0
6,Lillestroem,Ingroup,No,Tie,1
6,Lillestroem,Ingroup,No,Tie,0
6,Lillestroem,Ingroup,No,Tie,0
6,Lillestroem,Ingroup,No,Tie,0
6,Lillestroem,Ingroup,No,Tie,0
6,Lillestroem,Ingroup,No,Tie,0
6,Lillestroem,Ingroup,No,Tie,0
6,Lillestroem,Ingroup,No,Tie,0
6,Lillestroem,Ingroup,No,Tie,0
6,Lillestroem,Ingroup,No,Tie,0
6,Lillestroem,Ingroup,No,Tie,0
6,Lillestroem,Ingroup,No,Tie,0
6,Lillestroem,Ingroup,No,Tie,0
6,Lillestroem,Ingroup,No,Tie,0
6,Lillestroem,Ingroup,No,Tie,0
6,Lillestroem,Ingroup,No,Tie,0
6,Lillestroem,Ingroup,No,Tie,0
6,Lillestroem,Ingroup,No,Tie,0
6,Lillestroem,Ingroup,No,Tie,0
6,Lillestroem,Ingroup,No,Tie,1
6,Lillestroem,Ingroup,No,Tie,0
6,Lillestroem,Ingroup,No,Tie,0
6,Lillestroem,Ingroup,No,Tie,0
6,Lillestroem,Ingroup,No,Tie,0
6,Lillestroem,Ingroup,No,Tie,0
6,Lillestroem,Ingroup,No,Tie,0
6,Lillestroem,Ingroup,No,Tie,0
6,Lillestroem,Ingroup,No,Tie,0
6,Lillestroem,Ingroup,No,Tie,1
6,Lillestroem,Ingroup,No,Tie,0
6,Lillestroem,Ingroup,No,Tie,0
6,Lillestroem,Ingroup,No,Tie,0
6,Lillestroem,Ingroup,No,Tie,0
6,Lillestroem,Ingroup,No,Tie,0
6,Lillestroem,Ingroup,No,Tie,0
6,Lillestroem,Ingroup,No,Tie,0
6,Lillestroem,Ingroup,No,Tie,0
6,Lillestroem,Ingroup,No,Tie,0
6,Lillestroem,Ingroup,No,Tie,0
6,Lillestroem,Ingroup,No,Tie,0
6,Lillestroem,Ingroup,No,Tie,0
6,Lillestroem,Ingroup,No,Tie,0
6,Lillestroem,Ingroup,No,Tie,1
6,Lillestroem,Ingroup,No,Tie,0
6,Lillestroem,Ingroup,No,Tie,1
6,Lillestroem,Ingroup,No,Tie,0
6,Lillestroem,Ingroup,No,Tie,0
6,Lillestroem,Ingroup,No,Tie,1
6,Lillestroem,Ingroup,No,Tie,0
6,Lillestroem,Ingroup,No,Tie,0
6,Lillestroem,Ingroup,No,Tie,1
6,Lillestroem,Ingroup,No,Tie,0
6,Lillestroem,Ingroup,No,Tie,0
6,Lillestroem,Ingroup,No,Tie,0
6,Lillestroem,Ingroup,No,Tie,0
6,Lillestroem,Ingroup,No,Tie,0
6,Lillestroem,Ingroup,No,Tie,0
6,Lillestroem,Ingroup,No,Tie,0
6,Lillestroem,Ingroup,No,Tie,0
6,Lillestroem,Ingroup,No,Tie,1
6,Lillestroem,Ingroup,No,Tie,0
6,Lillestroem,Ingroup,No,Tie,0
6,Lillestroem,Ingroup,No,Tie,0
6,Lillestroem,Ingroup,No,Tie,0
6,Lillestroem,Ingroup,No,Tie,0
6,Lillestroem,Ingroup,No,Tie,0
6,Lillestroem,Ingroup,No,Tie,1
6,Lillestroem,Ingroup,No,Tie,0
6,Lillestroem,Ingroup,No,Tie,0
6,Lillestroem,Ingroup,No,Tie,0
6,Lillestroem,Ingroup,No,Tie,0
6,Lillestroem,Ingroup,No,Tie,0
6,Lillestroem,Ingroup,No,Tie,0
6,Lillestroem,Ingroup,No,Tie,0
6,Lillestroem,Ingroup,No,Tie,0
6,Lillestroem,Ingroup,No,Tie,1
6,Lillestroem,Ingroup,No,Tie,0
6,Lillestroem,Ingroup,No,Tie,0
6,Lillestroem,Ingroup,No,Tie,0
6,Lillestroem,Ingroup,No,Tie,0
6,Lillestroem,Ingroup,No,Tie,0
6,Lillestroem,Ingroup,No,Tie,0
6,Lillestroem,Ingroup,No,Tie,0
6,Lillestroem,Ingroup,No,Tie,0
6,Lillestroem,Ingroup,No,Tie,0
6,Lillestroem,Ingroup,No,Tie,0
6,Lillestroem,Ingroup,No,Tie,0
6,Lillestroem,Ingroup,No,Tie,0
6,Lillestroem,Ingroup,No,Tie,0
6,Lillestroem,Ingroup,No,Tie,0
6,Lillestroem,Ingroup,No,Tie,0
6,Lillestroem,Ingroup,No,Tie,0
6,Lillestroem,Ingroup,No,Tie,1
6,Lillestroem,Ingroup,No,Tie,0
6,Lillestroem,Ingroup,No,Tie,0
6,Lillestroem,Ingroup,No,Tie,0
6,Lillestroem,Ingroup,No,Tie,0
6,Lillestroem,Ingroup,No,Tie,0
6,Lillestroem,Ingroup,No,Tie,0
6,Lillestroem,Ingroup,No,Tie,0
6,Lillestroem,Ingroup,No,Tie,0
6,Lillestroem,Ingroup,No,Tie,0
6,Lillestroem,Ingroup,No,Tie,1
6,Lillestroem,Ingroup,No,Tie,0
6,Lillestroem,Ingroup,No,Tie,0
6,Lillestroem,Ingroup,No,Tie,0
6,Lillestroem,Ingroup,No,Tie,0
6,Lillestroem,Ingroup,No,Tie,0
6,Lillestroem,Ingroup,No,Tie,0
6,Lillestroem,Ingroup,No,Tie,0
6,Lillestroem,Ingroup,No,Tie,0
6,Lillestroem,Ingroup,No,Tie,0
6,Lillestroem,Ingroup,No,Tie,0
6,Lillestroem,Ingroup,No,Tie,0
6,Lillestroem,Ingroup,No,Tie,0
6,Lillestroem,Ingroup,No,Tie,1
6,Lillestroem,Ingroup,No,Tie,0
6,Lillestroem,Ingroup,No,Tie,0
6,Lillestroem,Ingroup,No,Tie,0
6,Lillestroem,Ingroup,No,Tie,0
6,Lillestroem,Ingroup,No,Tie,0
6,Lillestroem,Ingroup,No,Tie,1
6,Lillestroem,Ingroup,No,Tie,1
6,Lillestroem,Ingroup,No,Tie,1
6,Lillestroem,Ingroup,No,Tie,1
6,Lillestroem,Ingroup,No,Tie,0
6,Lillestroem,Ingroup,No,Tie,0
6,Lillestroem,Ingroup,No,Tie,0
6,Lillestroem,Ingroup,No,Tie,0
6,Lillestroem,Ingroup,No,Tie,0
6,Lillestroem,Ingroup,No,Tie,0
6,Lillestroem,Ingroup,No,Tie,0
6,Lillestroem,Ingroup,No,Tie,1
6,Lillestroem,Ingroup,No,Tie,0
6,Lillestroem,Ingroup,No,Tie,0
6,Lillestroem,Ingroup,No,Tie,0
6,Lillestroem,Ingroup,No,Tie,0
6,Lillestroem,Ingroup,No,Tie,1
6,Lillestroem,Ingroup,No,Tie,0
6,Lillestroem,Ingroup,No,Tie,1
6,Lillestroem,Ingroup,No,Tie,0
6,Lillestroem,Ingroup,No,Tie,0
6,Lillestroem,Ingroup,No,Tie,0
6,Lillestroem,Ingroup,No,Tie,1
6,Lillestroem,Ingroup,No,Tie,0
6,Lillestroem,Ingroup,No,Tie,0
6,Lillestroem,Ingroup,No,Tie,0
6,Lillestroem,Ingroup,No,Tie,0
6,Lillestroem,Ingroup,No,Tie,0
6,Lillestroem,Ingroup,No,Tie,0
6,Lillestroem,Ingroup,No,Tie,0
6,Lillestroem,Ingroup,No,Tie,0
6,Lillestroem,Ingroup,No,Tie,0
6,Lillestroem,Ingroup,No,Tie,0
6,Lillestroem,Ingroup,No,Tie,0
6,Lillestroem,Ingroup,No,Tie,0
6,Lillestroem,Ingroup,No,Tie,0
6,Lillestroem,Ingroup,No,Tie,1
6,Lillestroem,Ingroup,No,Tie,1
6,Lillestroem,Ingroup,No,Tie,0
6,Lillestroem,Ingroup,No,Tie,0
6,Lillestroem,Ingroup,No,Tie,0
6,Lillestroem,Ingroup,No,Tie,0
6,Lillestroem,Ingroup,No,Tie,0
6,Lillestroem,Ingroup,No,Tie,0
6,Lillestroem,Ingroup,No,Tie,0
6,Lillestroem,Ingroup,No,Tie,1
6,Lillestroem,Ingroup,No,Tie,0
6,Lillestroem,Ingroup,No,Tie,0
6,Lillestroem,Ingroup,No,Tie,0
6,Lillestroem,Ingroup,No,Tie,0
6,Lillestroem,Ingroup,No,Tie,0
6,Lillestroem,Ingroup,No,Tie,1
6,Lillestroem,Ingroup,No,Tie,0
6,Lillestroem,Ingroup,No,Tie,0
6,Lillestroem,Ingroup,No,Tie,0
6,Lillestroem,Ingroup,No,Tie,0
6,Lillestroem,Ingroup,No,Tie,0
6,Lillestroem,Ingroup,No,Tie,0
6,Lillestroem,Ingroup,No,Tie,0
6,Lillestroem,Ingroup,No,Tie,0
6,Lillestroem,Ingroup,No,Tie,0
6,Lillestroem,Ingroup,No,Tie,0
6,Lillestroem,Ingroup,No,Tie,1
6,Lillestroem,Ingroup,No,Tie,0
6,Lillestroem,Ingroup,No,Tie,0
6,Lillestroem,Ingroup,No,Tie,0
6,Lillestroem,Ingroup,No,Tie,1
6,Lillestroem,Ingroup,No,Tie,0
6,Lillestroem,Ingroup,No,Tie,1
6,Lillestroem,Ingroup,No,Tie,0
6,Lillestroem,Ingroup,No,Tie,0
6,Lillestroem,Ingroup,No,Tie,0
6,Lillestroem,Ingroup,No,Tie,0
6,Lillestroem,Ingroup,No,Tie,0
6,Lillestroem,Ingroup,No,Tie,0
6,Lillestroem,Ingroup,No,Tie,0
6,Lillestroem,Ingroup,No,Tie,0
6,Lillestroem,Ingroup,No,Tie,0
6,Lillestroem,Ingroup,No,Tie,1
6,Lillestroem,Ingroup,No,Tie,0
6,Lillestroem,Ingroup,No,Tie,0
6,Lillestroem,Ingroup,No,Tie,0
6,Lillestroem,Ingroup,No,Tie,0
6,Lillestroem,Ingroup,No,Tie,1
6,Lillestroem,Ingroup,No,Tie,0
6,Lillestroem,Ingroup,No,Tie,0
6,Lillestroem,Ingroup,No,Tie,0
6,Lillestroem,Ingroup,No,Tie,1
6,Lillestroem,Ingroup,No,Tie,0
6,Lillestroem,Ingroup,No,Tie,0
6,Lillestroem,Ingroup,No,Tie,0
6,Lillestroem,Ingroup,No,Tie,0
6,Lillestroem,Ingroup,No,Tie,0
6,Lillestroem,Ingroup,No,Tie,0
6,Lillestroem,Ingroup,No,Tie,0
6,Lillestroem,Ingroup,No,Tie,0
6,Lillestroem,Ingroup,No,Tie,1
6,Lillestroem,Ingroup,No,Tie,0
6,Lillestroem,Ingroup,No,Tie,1
6,Lillestroem,Ingroup,No,Tie,0
6,Lillestroem,Ingroup,No,Tie,0
6,Lillestroem,Ingroup,No,Tie,1
6,Lillestroem,Ingroup,No,Tie,0
6,Lillestroem,Ingroup,No,Tie,0
6,Lillestroem,Ingroup,No,Tie,0
6,Lillestroem,Ingroup,No,Tie,0
6,Lillestroem,Ingroup,No,Tie,0
6,Lillestroem,Ingroup,No,Tie,0
6,Lillestroem,Ingroup,No,Tie,0
6,Lillestroem,Ingroup,No,Tie,1
6,Lillestroem,Ingroup,No,Tie,0
6,Lillestroem,Ingroup,No,Tie,0
6,Lillestroem,Ingroup,No,Tie,0
7,HamKam,Outgroup,No,Home,1
7,HamKam,Outgroup,No,Home,0
7,HamKam,Outgroup,No,Home,0
7,HamKam,Outgroup,No,Home,0
7,HamKam,Outgroup,No,Home,0
7,HamKam,Outgroup,No,Home,1
7,HamKam,Outgroup,No,Home,1
7,HamKam,Outgroup,No,Home,0
7,HamKam,Outgroup,No,Home,0
7,HamKam,Outgroup,No,Home,1
7,HamKam,Outgroup,No,Home,0
7,HamKam,Outgroup,No,Home,0
7,HamKam,Outgroup,No,Home,0
7,HamKam,Outgroup,No,Home,0
7,HamKam,Outgroup,No,Home,0
7,HamKam,Outgroup,No,Home,0
7,HamKam,Outgroup,No,Home,0
7,HamKam,Outgroup,No,Home,1
7,HamKam,Outgroup,No,Home,0
7,HamKam,Outgroup,No,Home,0
7,HamKam,Outgroup,No,Home,0
7,HamKam,Outgroup,No,Home,0
7,HamKam,Outgroup,No,Home,0
7,HamKam,Outgroup,No,Home,0
7,HamKam,Outgroup,No,Home,1
7,HamKam,Outgroup,No,Home,0
7,HamKam,Outgroup,No,Home,1
7,HamKam,Outgroup,No,Home,0
7,HamKam,Outgroup,No,Home,0
7,HamKam,Outgroup,No,Home,0
7,HamKam,Outgroup,No,Home,0
7,HamKam,Outgroup,No,Home,0
7,HamKam,Outgroup,No,Home,0
7,HamKam,Outgroup,No,Home,0
7,HamKam,Outgroup,No,Home,0
7,HamKam,Outgroup,No,Home,0
7,HamKam,Outgroup,No,Home,0
7,HamKam,Outgroup,No,Home,0
7,HamKam,Outgroup,No,Home,1
7,HamKam,Outgroup,No,Home,0
7,HamKam,Outgroup,No,Home,0
7,HamKam,Outgroup,No,Home,0
7,HamKam,Outgroup,No,Home,0
7,HamKam,Outgroup,No,Home,0
7,HamKam,Outgroup,No,Home,0
7,HamKam,Outgroup,No,Home,1
7,HamKam,Outgroup,No,Home,1
7,HamKam,Outgroup,No,Home,0
7,HamKam,Outgroup,No,Home,0
7,HamKam,Outgroup,No,Home,0
7,HamKam,Outgroup,No,Home,0
7,HamKam,Outgroup,No,Home,0
7,HamKam,Outgroup,No,Home,0
7,HamKam,Outgroup,No,Home,0
7,HamKam,Outgroup,No,Home,0
7,HamKam,Outgroup,No,Home,0
7,HamKam,Outgroup,No,Home,0
7,HamKam,Outgroup,No,Home,0
7,HamKam,Outgroup,No,Home,0
7,HamKam,Outgroup,No,Home,1
7,HamKam,Outgroup,No,Home,0
7,HamKam,Outgroup,No,Home,0
7,HamKam,Outgroup,No,Home,0
7,HamKam,Outgroup,No,Home,0
7,HamKam,Outgroup,No,Home,0
7,HamKam,Outgroup,No,Home,0
7,HamKam,Outgroup,No,Home,0
7,HamKam,Outgroup,No,Home,0
7,HamKam,Outgroup,No,Home,1
7,HamKam,Outgroup,No,Home,0
7,HamKam,Outgroup,No,Home,1
7,HamKam,Outgroup,No,Home,1
7,HamKam,Outgroup,No,Home,0
7,HamKam,Outgroup,No,Home,1
7,HamKam,Outgroup,No,Home,0
7,HamKam,Outgroup,No,Home,1
7,HamKam,Outgroup,No,Home,0
7,HamKam,Outgroup,No,Home,1
7,HamKam,Outgroup,No,Home,1
7,HamKam,Outgroup,No,Home,0
7,HamKam,Outgroup,No,Home,0
7,HamKam,Outgroup,No,Home,0
7,HamKam,Outgroup,No,Home,0
7,HamKam,Outgroup,No,Home,1
7,HamKam,Outgroup,No,Home,0
7,HamKam,Outgroup,No,Home,0
7,HamKam,Outgroup,No,Home,0
7,HamKam,Outgroup,No,Home,0
7,HamKam,Outgroup,No,Home,1
7,HamKam,Outgroup,No,Home,0
7,HamKam,Outgroup,No,Home,0
7,HamKam,Outgroup,No,Home,0
7,HamKam,Outgroup,No,Home,0
7,HamKam,Outgroup,No,Home,0
7,HamKam,Outgroup,No,Home,1
7,HamKam,Outgroup,No,Home,0
7,HamKam,Outgroup,No,Home,1
7,HamKam,Outgroup,No,Home,0
7,HamKam,Outgroup,No,Home,1
7,HamKam,Outgroup,No,Home,0
7,HamKam,Outgroup,No,Home,0
7,HamKam,Outgroup,No,Home,1
7,HamKam,Outgroup,No,Home,0
7,HamKam,Outgroup,No,Home,1
7,HamKam,Outgroup,No,Home,0
7,HamKam,Outgroup,No,Home,0
7,HamKam,Outgroup,No,Home,0
7,HamKam,Outgroup,No,Home,1
7,HamKam,Outgroup,No,Home,0
7,HamKam,Outgroup,No,Home,0
7,HamKam,Outgroup,No,Home,0
7,HamKam,Outgroup,No,Home,0
7,HamKam,Outgroup,No,Home,0
7,HamKam,Outgroup,No,Home,0
7,HamKam,Outgroup,No,Home,1
7,HamKam,Outgroup,No,Home,0
7,HamKam,Outgroup,No,Home,1
7,HamKam,Outgroup,No,Home,0
7,HamKam,Outgroup,No,Home,0
7,HamKam,Outgroup,No,Home,0
7,HamKam,Outgroup,No,Home,0
7,HamKam,Outgroup,No,Home,0
7,HamKam,Outgroup,No,Home,0
7,HamKam,Outgroup,No,Home,0
7,HamKam,Outgroup,No,Home,0
7,HamKam,Outgroup,No,Home,0
7,HamKam,Outgroup,No,Home,0
7,HamKam,Outgroup,No,Home,0
7,HamKam,Outgroup,No,Home,1
7,HamKam,Outgroup,No,Home,0
7,HamKam,Outgroup,No,Home,0
7,HamKam,Outgroup,No,Home,0
7,HamKam,Outgroup,No,Home,0
7,HamKam,Outgroup,No,Home,0
7,HamKam,Outgroup,No,Home,0
7,HamKam,Outgroup,No,Home,0
7,HamKam,Outgroup,No,Home,0
7,HamKam,Outgroup,No,Home,0
7,HamKam,Outgroup,No,Home,0
7,HamKam,Outgroup,No,Home,1
7,HamKam,Outgroup,No,Home,1
7,HamKam,Outgroup,No,Home,0
7,HamKam,Outgroup,No,Home,1
7,HamKam,Outgroup,No,Home,0
7,HamKam,Outgroup,No,Home,1
7,HamKam,Outgroup,No,Home,0
7,HamKam,Outgroup,No,Home,0
7,HamKam,Outgroup,No,Home,0
7,HamKam,Outgroup,No,Home,0
7,HamKam,Outgroup,No,Home,0
7,HamKam,Outgroup,No,Home,0
7,HamKam,Outgroup,No,Home,1
7,HamKam,Outgroup,No,Home,0
7,HamKam,Outgroup,No,Home,0
7,HamKam,Outgroup,No,Home,0
7,HamKam,Outgroup,No,Home,0
7,HamKam,Outgroup,No,Home,0
7,HamKam,Outgroup,No,Home,0
7,HamKam,Outgroup,No,Home,1
7,HamKam,Outgroup,No,Home,0
7,HamKam,Outgroup,No,Home,0
7,HamKam,Outgroup,No,Home,0
7,HamKam,Outgroup,No,Home,0
7,HamKam,Outgroup,No,Home,0
7,HamKam,Outgroup,No,Home,0
7,HamKam,Outgroup,No,Home,1
7,HamKam,Outgroup,No,Home,1
7,HamKam,Outgroup,No,Home,0
7,HamKam,Outgroup,No,Home,1
7,HamKam,Outgroup,No,Home,0
7,HamKam,Outgroup,No,Home,0
7,HamKam,Outgroup,No,Home,0
7,HamKam,Outgroup,No,Home,0
7,HamKam,Outgroup,No,Home,0
7,HamKam,Outgroup,No,Home,0
7,HamKam,Outgroup,No,Home,0
7,HamKam,Outgroup,No,Home,0
7,HamKam,Outgroup,No,Home,0
7,HamKam,Outgroup,No,Home,0
7,HamKam,Outgroup,No,Home,0
7,HamKam,Outgroup,No,Home,0
7,HamKam,Outgroup,No,Home,0
8,Stroemsgodset,Ingroup,No,Home,0
8,Stroemsgodset,Ingroup,No,Home,0
8,Stroemsgodset,Ingroup,No,Home,0
8,Stroemsgodset,Ingroup,No,Home,0
8,Stroemsgodset,Ingroup,No,Home,0
8,Stroemsgodset,Ingroup,No,Home,0
8,Stroemsgodset,Ingroup,No,Home,0
8,Stroemsgodset,Ingroup,No,Home,0
8,Stroemsgodset,Ingroup,No,Home,0
8,Stroemsgodset,Ingroup,No,Home,0
8,Stroemsgodset,Ingroup,No,Home,0
8,Stroemsgodset,Ingroup,No,Home,0
8,Stroemsgodset,Ingroup,No,Home,0
8,Stroemsgodset,Ingroup,No,Home,0
8,Stroemsgodset,Ingroup,No,Home,0
8,Stroemsgodset,Ingroup,No,Home,0
8,Stroemsgodset,Ingroup,No,Home,0
8,Stroemsgodset,Ingroup,No,Home,0
8,Stroemsgodset,Ingroup,No,Home,0
8,Stroemsgodset,Ingroup,No,Home,0
8,Stroemsgodset,Ingroup,No,Home,0
8,Stroemsgodset,Ingroup,No,Home,0
8,Stroemsgodset,Ingroup,No,Home,0
8,Stroemsgodset,Ingroup,No,Home,0
8,Stroemsgodset,Ingroup,No,Home,1
8,Stroemsgodset,Ingroup,No,Home,0
8,Stroemsgodset,Ingroup,No,Home,0
8,Stroemsgodset,Ingroup,No,Home,0
8,Stroemsgodset,Ingroup,No,Home,0
8,Stroemsgodset,Ingroup,No,Home,0
8,Stroemsgodset,Ingroup,No,Home,0
8,Stroemsgodset,Ingroup,No,Home,1
8,Stroemsgodset,Ingroup,No,Home,0
8,Stroemsgodset,Ingroup,No,Home,0
8,Stroemsgodset,Ingroup,No,Home,0
8,Stroemsgodset,Ingroup,No,Home,0
8,Stroemsgodset,Ingroup,No,Home,0
8,Stroemsgodset,Ingroup,No,Home,0
8,Stroemsgodset,Ingroup,No,Home,0
8,Stroemsgodset,Ingroup,No,Home,0
8,Stroemsgodset,Ingroup,No,Home,0
8,Stroemsgodset,Ingroup,No,Home,0
8,Stroemsgodset,Ingroup,No,Home,0
8,Stroemsgodset,Ingroup,No,Home,0
8,Stroemsgodset,Ingroup,No,Home,0
8,Stroemsgodset,Ingroup,No,Home,0
8,Stroemsgodset,Ingroup,No,Home,0
8,Stroemsgodset,Ingroup,No,Home,0
8,Stroemsgodset,Ingroup,No,Home,0
8,Stroemsgodset,Ingroup,No,Home,0
8,Stroemsgodset,Ingroup,No,Home,1
8,Stroemsgodset,Ingroup,No,Home,0
8,Stroemsgodset,Ingroup,No,Home,1
8,Stroemsgodset,Ingroup,No,Home,0
8,Stroemsgodset,Ingroup,No,Home,0
8,Stroemsgodset,Ingroup,No,Home,0
8,Stroemsgodset,Ingroup,No,Home,0
8,Stroemsgodset,Ingroup,No,Home,1
8,Stroemsgodset,Ingroup,No,Home,1
8,Stroemsgodset,Ingroup,No,Home,1
8,Stroemsgodset,Ingroup,No,Home,1
8,Stroemsgodset,Ingroup,No,Home,1
8,Stroemsgodset,Ingroup,No,Home,0
8,Stroemsgodset,Ingroup,No,Home,0
8,Stroemsgodset,Ingroup,No,Home,0
8,Stroemsgodset,Ingroup,No,Home,0
8,Stroemsgodset,Ingroup,No,Home,0
8,Stroemsgodset,Ingroup,No,Home,0
8,Stroemsgodset,Ingroup,No,Home,0
8,Stroemsgodset,Ingroup,No,Home,0
8,Stroemsgodset,Ingroup,No,Home,0
8,Stroemsgodset,Ingroup,No,Home,0
8,Stroemsgodset,Ingroup,No,Home,0
8,Stroemsgodset,Ingroup,No,Home,0
8,Stroemsgodset,Ingroup,No,Home,0
8,Stroemsgodset,Ingroup,No,Home,0
8,Stroemsgodset,Ingroup,No,Home,0
8,Stroemsgodset,Ingroup,No,Home,0
8,Stroemsgodset,Ingroup,No,Home,0
8,Stroemsgodset,Ingroup,No,Home,0
8,Stroemsgodset,Ingroup,No,Home,0
8,Stroemsgodset,Ingroup,No,Home,1
8,Stroemsgodset,Ingroup,No,Home,0
8,Stroemsgodset,Ingroup,No,Home,0
8,Stroemsgodset,Ingroup,No,Home,0
8,Stroemsgodset,Ingroup,No,Home,0
8,Stroemsgodset,Ingroup,No,Home,0
8,Stroemsgodset,Ingroup,No,Home,0
8,Stroemsgodset,Ingroup,No,Home,0
8,Stroemsgodset,Ingroup,No,Home,0
8,Stroemsgodset,Ingroup,No,Home,0
8,Stroemsgodset,Ingroup,No,Home,0
8,Stroemsgodset,Ingroup,No,Home,0
8,Stroemsgodset,Ingroup,No,Home,0
8,Stroemsgodset,Ingroup,No,Home,0
8,Stroemsgodset,Ingroup,No,Home,0
8,Stroemsgodset,Ingroup,No,Home,0
8,Stroemsgodset,Ingroup,No,Home,0
8,Stroemsgodset,Ingroup,No,Home,0
8,Stroemsgodset,Ingroup,No,Home,1
8,Stroemsgodset,Ingroup,No,Home,1
8,Stroemsgodset,Ingroup,No,Home,0
8,Stroemsgodset,Ingroup,No,Home,0
8,Stroemsgodset,Ingroup,No,Home,0
8,Stroemsgodset,Ingroup,No,Home,0
8,Stroemsgodset,Ingroup,No,Home,0
8,Stroemsgodset,Ingroup,No,Home,0
8,Stroemsgodset,Ingroup,No,Home,0
8,Stroemsgodset,Ingroup,No,Home,0
8,Stroemsgodset,Ingroup,No,Home,0
8,Stroemsgodset,Ingroup,No,Home,0
8,Stroemsgodset,Ingroup,No,Home,0
8,Stroemsgodset,Ingroup,No,Home,0
8,Stroemsgodset,Ingroup,No,Home,0
8,Stroemsgodset,Ingroup,No,Home,0
8,Stroemsgodset,Ingroup,No,Home,0
8,Stroemsgodset,Ingroup,No,Home,1
8,Stroemsgodset,Ingroup,No,Home,1
8,Stroemsgodset,Ingroup,No,Home,0
8,Stroemsgodset,Ingroup,No,Home,0
8,Stroemsgodset,Ingroup,No,Home,0
8,Stroemsgodset,Ingroup,No,Home,1
8,Stroemsgodset,Ingroup,No,Home,0
8,Stroemsgodset,Ingroup,No,Home,1
8,Stroemsgodset,Ingroup,No,Home,0
8,Stroemsgodset,Ingroup,No,Home,1
8,Stroemsgodset,Ingroup,No,Home,0
8,Stroemsgodset,Ingroup,No,Home,0
8,Stroemsgodset,Ingroup,No,Home,0
8,Stroemsgodset,Ingroup,No,Home,1
8,Stroemsgodset,Ingroup,No,Home,0
8,Stroemsgodset,Ingroup,No,Home,0
8,Stroemsgodset,Ingroup,No,Home,0
8,Stroemsgodset,Ingroup,No,Home,0
8,Stroemsgodset,Ingroup,No,Home,0
8,Stroemsgodset,Ingroup,No,Home,0
8,Stroemsgodset,Ingroup,No,Home,0
8,Stroemsgodset,Ingroup,No,Home,0
8,Stroemsgodset,Ingroup,No,Home,0
8,Stroemsgodset,Ingroup,No,Home,0
8,Stroemsgodset,Ingroup,No,Home,0
8,Stroemsgodset,Ingroup,No,Home,0
8,Stroemsgodset,Ingroup,No,Home,0
8,Stroemsgodset,Ingroup,No,Home,1
8,Stroemsgodset,Ingroup,No,Home,0
8,Stroemsgodset,Ingroup,No,Home,0
8,Stroemsgodset,Ingroup,No,Home,0
8,Stroemsgodset,Ingroup,No,Home,0
8,Stroemsgodset,Ingroup,No,Home,1
8,Stroemsgodset,Ingroup,No,Home,0
8,Stroemsgodset,Ingroup,No,Home,0
8,Stroemsgodset,Ingroup,No,Home,1
8,Stroemsgodset,Ingroup,No,Home,0
8,Stroemsgodset,Ingroup,No,Home,0
8,Stroemsgodset,Ingroup,No,Home,1
8,Stroemsgodset,Ingroup,No,Home,0
8,Stroemsgodset,Ingroup,No,Home,1
8,Stroemsgodset,Ingroup,No,Home,0
8,Stroemsgodset,Ingroup,No,Home,0
8,Stroemsgodset,Ingroup,No,Home,0
8,Stroemsgodset,Ingroup,No,Home,0
8,Stroemsgodset,Ingroup,No,Home,0
8,Stroemsgodset,Ingroup,No,Home,0
8,Stroemsgodset,Ingroup,No,Home,0
8,Stroemsgodset,Ingroup,No,Home,1
8,Stroemsgodset,Ingroup,No,Home,0
8,Stroemsgodset,Ingroup,No,Home,0
8,Stroemsgodset,Ingroup,No,Home,0
8,Stroemsgodset,Ingroup,No,Home,0
8,Stroemsgodset,Ingroup,No,Home,0
8,Stroemsgodset,Ingroup,No,Home,0
8,Stroemsgodset,Ingroup,No,Home,1
8,Stroemsgodset,Ingroup,No,Home,1
8,Stroemsgodset,Ingroup,No,Home,0
8,Stroemsgodset,Ingroup,No,Home,0
8,Stroemsgodset,Ingroup,No,Home,0
8,Stroemsgodset,Ingroup,No,Home,0
8,Stroemsgodset,Ingroup,No,Home,0
8,Stroemsgodset,Ingroup,No,Home,0
8,Stroemsgodset,Ingroup,No,Home,1
8,Stroemsgodset,Ingroup,No,Home,1
8,Stroemsgodset,Ingroup,No,Home,0
8,Stroemsgodset,Ingroup,No,Home,0
8,Stroemsgodset,Ingroup,No,Home,0
8,Stroemsgodset,Ingroup,No,Home,0
8,Stroemsgodset,Ingroup,No,Home,0
8,Stroemsgodset,Ingroup,No,Home,1
8,Stroemsgodset,Ingroup,No,Home,0
8,Stroemsgodset,Ingroup,No,Home,1
8,Stroemsgodset,Ingroup,No,Home,0
8,Stroemsgodset,Ingroup,No,Home,0
8,Stroemsgodset,Ingroup,No,Home,0
8,Stroemsgodset,Ingroup,No,Home,0
8,Stroemsgodset,Ingroup,No,Home,1
8,Stroemsgodset,Ingroup,No,Home,0
8,Stroemsgodset,Ingroup,No,Home,0
8,Stroemsgodset,Ingroup,No,Home,0
8,Stroemsgodset,Ingroup,No,Home,0
8,Stroemsgodset,Ingroup,No,Home,0
8,Stroemsgodset,Ingroup,No,Home,0
8,Stroemsgodset,Ingroup,No,Home,0
8,Stroemsgodset,Ingroup,No,Home,1
8,Stroemsgodset,Ingroup,No,Home,0
8,Stroemsgodset,Ingroup,No,Home,1
8,Stroemsgodset,Ingroup,No,Home,0
8,Stroemsgodset,Ingroup,No,Home,0
8,Stroemsgodset,Ingroup,No,Home,0
8,Stroemsgodset,Ingroup,No,Home,0
8,Stroemsgodset,Ingroup,No,Home,0
8,Stroemsgodset,Ingroup,No,Home,0
8,Stroemsgodset,Ingroup,No,Home,0
8,Stroemsgodset,Ingroup,No,Home,0
8,Stroemsgodset,Ingroup,No,Home,0
8,Stroemsgodset,Ingroup,No,Home,0
8,Stroemsgodset,Ingroup,No,Home,0
8,Stroemsgodset,Ingroup,No,Home,0
8,Stroemsgodset,Ingroup,No,Home,0
8,Stroemsgodset,Ingroup,No,Home,0
8,Stroemsgodset,Ingroup,No,Home,1
8,Stroemsgodset,Ingroup,No,Home,0
8,Stroemsgodset,Ingroup,No,Home,0
8,Stroemsgodset,Ingroup,No,Home,0
8,Stroemsgodset,Ingroup,No,Home,0
8,Stroemsgodset,Ingroup,No,Home,0
8,Stroemsgodset,Ingroup,No,Home,0
8,Stroemsgodset,Ingroup,No,Home,0
8,Stroemsgodset,Ingroup,No,Home,0
8,Stroemsgodset,Ingroup,No,Home,0
8,Stroemsgodset,Ingroup,No,Home,0
8,Stroemsgodset,Ingroup,No,Home,0
8,Stroemsgodset,Ingroup,No,Home,0
8,Stroemsgodset,Ingroup,No,Home,0
8,Stroemsgodset,Ingroup,No,Home,1
8,Stroemsgodset,Ingroup,No,Home,0
8,Stroemsgodset,Ingroup,No,Home,1
8,Stroemsgodset,Ingroup,No,Home,1
8,Stroemsgodset,Ingroup,No,Home,0
8,Stroemsgodset,Ingroup,No,Home,1
8,Stroemsgodset,Ingroup,No,Home,1
8,Stroemsgodset,Ingroup,No,Home,0
8,Stroemsgodset,Ingroup,No,Home,1
8,Stroemsgodset,Ingroup,No,Home,0
8,Stroemsgodset,Ingroup,No,Home,0
8,Stroemsgodset,Ingroup,No,Home,0
8,Stroemsgodset,Ingroup,No,Home,0
8,Stroemsgodset,Ingroup,No,Home,0
8,Stroemsgodset,Ingroup,No,Home,0
8,Stroemsgodset,Ingroup,No,Home,0
9,Viking,Outgroup,No,Away,1
9,Viking,Outgroup,No,Away,1
9,Viking,Outgroup,No,Away,0
9,Viking,Outgroup,No,Away,0
9,Viking,Outgroup,No,Away,0
9,Viking,Outgroup,No,Away,1
9,Viking,Outgroup,No,Away,0
9,Viking,Outgroup,No,Away,1
9,Viking,Outgroup,No,Away,1
9,Viking,Outgroup,No,Away,0
9,Viking,Outgroup,No,Away,0
9,Viking,Outgroup,No,Away,0
9,Viking,Outgroup,No,Away,0
9,Viking,Outgroup,No,Away,1
9,Viking,Outgroup,No,Away,0
9,Viking,Outgroup,No,Away,0
9,Viking,Outgroup,No,Away,1
9,Viking,Outgroup,No,Away,0
9,Viking,Outgroup,No,Away,0
9,Viking,Outgroup,No,Away,1
9,Viking,Outgroup,No,Away,0
9,Viking,Outgroup,No,Away,0
9,Viking,Outgroup,No,Away,0
9,Viking,Outgroup,No,Away,0
9,Viking,Outgroup,No,Away,0
9,Viking,Outgroup,No,Away,0
9,Viking,Outgroup,No,Away,0
9,Viking,Outgroup,No,Away,0
9,Viking,Outgroup,No,Away,0
9,Viking,Outgroup,No,Away,0
9,Viking,Outgroup,No,Away,1
9,Viking,Outgroup,No,Away,0
9,Viking,Outgroup,No,Away,0
9,Viking,Outgroup,No,Away,0
9,Viking,Outgroup,No,Away,0
9,Viking,Outgroup,No,Away,0
9,Viking,Outgroup,No,Away,0
9,Viking,Outgroup,No,Away,1
9,Viking,Outgroup,No,Away,1
9,Viking,Outgroup,No,Away,0
9,Viking,Outgroup,No,Away,0
9,Viking,Outgroup,No,Away,0
9,Viking,Outgroup,No,Away,0
9,Viking,Outgroup,No,Away,0
9,Viking,Outgroup,No,Away,1
9,Viking,Outgroup,No,Away,0
9,Viking,Outgroup,No,Away,0
9,Viking,Outgroup,No,Away,1
9,Viking,Outgroup,No,Away,0
9,Viking,Outgroup,No,Away,0
9,Viking,Outgroup,No,Away,1
9,Viking,Outgroup,No,Away,1
9,Viking,Outgroup,No,Away,0
9,Viking,Outgroup,No,Away,0
9,Viking,Outgroup,No,Away,0
9,Viking,Outgroup,No,Away,0
9,Viking,Outgroup,No,Away,0
9,Viking,Outgroup,No,Away,0
9,Viking,Outgroup,No,Away,0
9,Viking,Outgroup,No,Away,0
9,Viking,Outgroup,No,Away,0
9,Viking,Outgroup,No,Away,0
9,Viking,Outgroup,No,Away,1
9,Viking,Outgroup,No,Away,0
9,Viking,Outgroup,No,Away,0
9,Viking,Outgroup,No,Away,1
9,Viking,Outgroup,No,Away,0
9,Viking,Outgroup,No,Away,0
9,Viking,Outgroup,No,Away,1
9,Viking,Outgroup,No,Away,0
9,Viking,Outgroup,No,Away,0
9,Viking,Outgroup,No,Away,0
9,Viking,Outgroup,No,Away,0
9,Viking,Outgroup,No,Away,1
9,Viking,Outgroup,No,Away,0
9,Viking,Outgroup,No,Away,0
9,Viking,Outgroup,No,Away,0
9,Viking,Outgroup,No,Away,0
9,Viking,Outgroup,No,Away,1
9,Viking,Outgroup,No,Away,0
9,Viking,Outgroup,No,Away,0
9,Viking,Outgroup,No,Away,1
9,Viking,Outgroup,No,Away,0
9,Viking,Outgroup,No,Away,0
9,Viking,Outgroup,No,Away,1
9,Viking,Outgroup,No,Away,1
9,Viking,Outgroup,No,Away,0
9,Viking,Outgroup,No,Away,1
9,Viking,Outgroup,No,Away,0
9,Viking,Outgroup,No,Away,0
9,Viking,Outgroup,No,Away,0
9,Viking,Outgroup,No,Away,0
9,Viking,Outgroup,No,Away,1
9,Viking,Outgroup,No,Away,0
9,Viking,Outgroup,No,Away,0
9,Viking,Outgroup,No,Away,0
9,Viking,Outgroup,No,Away,0
9,Viking,Outgroup,No,Away,0
9,Viking,Outgroup,No,Away,1
9,Viking,Outgroup,No,Away,0
9,Viking,Outgroup,No,Away,0
9,Viking,Outgroup,No,Away,0
9,Viking,Outgroup,No,Away,0
9,Viking,Outgroup,No,Away,0
9,Viking,Outgroup,No,Away,0
9,Viking,Outgroup,No,Away,0
9,Viking,Outgroup,No,Away,0
9,Viking,Outgroup,No,Away,1
9,Viking,Outgroup,No,Away,1
9,Viking,Outgroup,No,Away,0
9,Viking,Outgroup,No,Away,0
9,Viking,Outgroup,No,Away,1
9,Viking,Outgroup,No,Away,0
9,Viking,Outgroup,No,Away,0
9,Viking,Outgroup,No,Away,0
9,Viking,Outgroup,No,Away,0
9,Viking,Outgroup,No,Away,0
9,Viking,Outgroup,No,Away,0
9,Viking,Outgroup,No,Away,0
9,Viking,Outgroup,No,Away,0
9,Viking,Outgroup,No,Away,0
9,Viking,Outgroup,No,Away,0
9,Viking,Outgroup,No,Away,0
9,Viking,Outgroup,No,Away,0
9,Viking,Outgroup,No,Away,0
9,Viking,Outgroup,No,Away,0
9,Viking,Outgroup,No,Away,1
9,Viking,Outgroup,No,Away,0
9,Viking,Outgroup,No,Away,0
9,Viking,Outgroup,No,Away,0
9,Viking,Outgroup,No,Away,0
9,Viking,Outgroup,No,Away,1
9,Viking,Outgroup,No,Away,0
9,Viking,Outgroup,No,Away,0
9,Viking,Outgroup,No,Away,1
9,Viking,Outgroup,No,Away,0
9,Viking,Outgroup,No,Away,1
9,Viking,Outgroup,No,Away,0
9,Viking,Outgroup,No,Away,0
9,Viking,Outgroup,No,Away,0
9,Viking,Outgroup,No,Away,0
9,Viking,Outgroup,No,Away,0
9,Viking,Outgroup,No,Away,1
9,Viking,Outgroup,No,Away,0
9,Viking,Outgroup,No,Away,0
9,Viking,Outgroup,No,Away,1
9,Viking,Outgroup,No,Away,0
9,Viking,Outgroup,No,Away,0
9,Viking,Outgroup,No,Away,0
9,Viking,Outgroup,No,Away,0
9,Viking,Outgroup,No,Away,1
9,Viking,Outgroup,No,Away,0
9,Viking,Outgroup,No,Away,0
9,Viking,Outgroup,No,Away,1
9,Viking,Outgroup,No,Away,0
9,Viking,Outgroup,No,Away,1
9,Viking,Outgroup,No,Away,0
9,Viking,Outgroup,No,Away,0
9,Viking,Outgroup,No,Away,0
9,Viking,Outgroup,No,Away,0
9,Viking,Outgroup,No,Away,0
9,Viking,Outgroup,No,Away,0
9,Viking,Outgroup,No,Away,0
9,Viking,Outgroup,No,Away,1
9,Viking,Outgroup,No,Away,0
9,Viking,Outgroup,No,Away,0
9,Viking,Outgroup,No,Away,0
9,Viking,Outgroup,No,Away,0
9,Viking,Outgroup,No,Away,0
9,Viking,Outgroup,No,Away,0
9,Viking,Outgroup,No,Away,0
9,Viking,Outgroup,No,Away,0
9,Viking,Outgroup,No,Away,1
9,Viking,Outgroup,No,Away,0
9,Viking,Outgroup,No,Away,0
9,Viking,Outgroup,No,Away,0
9,Viking,Outgroup,No,Away,0
9,Viking,Outgroup,No,Away,0
9,Viking,Outgroup,No,Away,0
9,Viking,Outgroup,No,Away,1
9,Viking,Outgroup,No,Away,0
9,Viking,Outgroup,No,Away,1
9,Viking,Outgroup,No,Away,1
9,Viking,Outgroup,No,Away,0
9,Viking,Outgroup,No,Away,1
9,Viking,Outgroup,No,Away,0
9,Viking,Outgroup,No,Away,1
9,Viking,Outgroup,No,Away,0
9,Viking,Outgroup,No,Away,0
9,Viking,Outgroup,No,Away,1
9,Viking,Outgroup,No,Away,1
9,Viking,Outgroup,No,Away,1
9,Viking,Outgroup,No,Away,0
9,Viking,Outgroup,No,Away,0
9,Viking,Outgroup,No,Away,0
9,Viking,Outgroup,No,Away,0
9,Viking,Outgroup,No,Away,1
9,Viking,Outgroup,No,Away,0
9,Viking,Outgroup,No,Away,1
9,Viking,Outgroup,No,Away,0
9,Viking,Outgroup,No,Away,0
9,Viking,Outgroup,No,Away,1
9,Viking,Outgroup,No,Away,1
9,Viking,Outgroup,No,Away,0
9,Viking,Outgroup,No,Away,0
9,Viking,Outgroup,No,Away,0
9,Viking,Outgroup,No,Away,0
9,Viking,Outgroup,No,Away,0
9,Viking,Outgroup,No,Away,1
9,Viking,Outgroup,No,Away,0
9,Viking,Outgroup,No,Away,0
9,Viking,Outgroup,No,Away,0
9,Viking,Outgroup,No,Away,0
9,Viking,Outgroup,No,Away,1
9,Viking,Outgroup,No,Away,0
9,Viking,Outgroup,No,Away,0
9,Viking,Outgroup,No,Away,0
9,Viking,Outgroup,No,Away,1
9,Viking,Outgroup,No,Away,0
9,Viking,Outgroup,No,Away,0
9,Viking,Outgroup,No,Away,0
9,Viking,Outgroup,No,Away,0
9,Viking,Outgroup,No,Away,0
9,Viking,Outgroup,No,Away,1
9,Viking,Outgroup,No,Away,0
9,Viking,Outgroup,No,Away,1
9,Viking,Outgroup,No,Away,0
9,Viking,Outgroup,No,Away,0
9,Viking,Outgroup,No,Away,0
9,Viking,Outgroup,No,Away,0
9,Viking,Outgroup,No,Away,1
9,Viking,Outgroup,No,Away,0
9,Viking,Outgroup,No,Away,0
9,Viking,Outgroup,No,Away,0
9,Viking,Outgroup,No,Away,0
9,Viking,Outgroup,No,Away,1
9,Viking,Outgroup,No,Away,0
9,Viking,Outgroup,No,Away,0
9,Viking,Outgroup,No,Away,0
9,Viking,Outgroup,No,Away,0
9,Viking,Outgroup,No,Away,0
9,Viking,Outgroup,No,Away,0
9,Viking,Outgroup,No,Away,0
9,Viking,Outgroup,No,Away,0
9,Viking,Outgroup,No,Away,0
9,Viking,Outgroup,No,Away,1
9,Viking,Outgroup,No,Away,0
9,Viking,Outgroup,No,Away,0
9,Viking,Outgroup,No,Away,0
9,Viking,Outgroup,No,Away,0
9,Viking,Outgroup,No,Away,0
9,Viking,Outgroup,No,Away,0
9,Viking,Outgroup,No,Away,0
9,Viking,Outgroup,No,Away,1
9,Viking,Outgroup,No,Away,0
9,Viking,Outgroup,No,Away,0
9,Viking,Outgroup,No,Away,0
9,Viking,Outgroup,No,Away,0
9,Viking,Outgroup,No,Away,0
9,Viking,Outgroup,No,Away,1
9,Viking,Outgroup,No,Away,0
9,Viking,Outgroup,No,Away,0
9,Viking,Outgroup,No,Away,0
9,Viking,Outgroup,No,Away,0
9,Viking,Outgroup,No,Away,0
9,Viking,Outgroup,No,Away,0
9,Viking,Outgroup,No,Away,0
9,Viking,Outgroup,No,Away,0
9,Viking,Outgroup,No,Away,0
9,Viking,Outgroup,No,Away,1
9,Viking,Outgroup,No,Away,0
9,Viking,Outgroup,No,Away,0
9,Viking,Outgroup,No,Away,0
9,Viking,Outgroup,No,Away,0
9,Viking,Outgroup,No,Away,0
9,Viking,Outgroup,No,Away,1
9,Viking,Outgroup,No,Away,1
9,Viking,Outgroup,No,Away,0
9,Viking,Outgroup,No,Away,0
9,Viking,Outgroup,No,Away,0
9,Viking,Outgroup,No,Away,0
9,Viking,Outgroup,No,Away,0
9,Viking,Outgroup,No,Away,0
9,Viking,Outgroup,No,Away,0
9,Viking,Outgroup,No,Away,0
9,Viking,Outgroup,No,Away,0
9,Viking,Outgroup,No,Away,0
9,Viking,Outgroup,No,Away,0
9,Viking,Outgroup,No,Away,1
9,Viking,Outgroup,No,Away,0
9,Viking,Outgroup,No,Away,0
9,Viking,Outgroup,No,Away,0
9,Viking,Outgroup,No,Away,1
9,Viking,Outgroup,No,Away,0
9,Viking,Outgroup,No,Away,0
9,Viking,Outgroup,No,Away,0
9,Viking,Outgroup,No,Away,1
9,Viking,Outgroup,No,Away,0
9,Viking,Outgroup,No,Away,0
9,Viking,Outgroup,No,Away,0
9,Viking,Outgroup,No,Away,0
9,Viking,Outgroup,No,Away,1
9,Viking,Outgroup,No,Away,0
9,Viking,Outgroup,No,Away,0
9,Viking,Outgroup,No,Away,0
9,Viking,Outgroup,No,Away,1
9,Viking,Outgroup,No,Away,0
9,Viking,Outgroup,No,Away,0
9,Viking,Outgroup,No,Away,0
9,Viking,Outgroup,No,Away,0
9,Viking,Outgroup,No,Away,0
9,Viking,Outgroup,No,Away,0
9,Viking,Outgroup,No,Away,0
9,Viking,Outgroup,No,Away,0
9,Viking,Outgroup,No,Away,0
9,Viking,Outgroup,No,Away,0
9,Viking,Outgroup,No,Away,0
9,Viking,Outgroup,No,Away,0
9,Viking,Outgroup,No,Away,0
9,Viking,Outgroup,No,Away,0
9,Viking,Outgroup,No,Away,0
9,Viking,Outgroup,No,Away,0
9,Viking,Outgroup,No,Away,0
9,Viking,Outgroup,No,Away,0
9,Viking,Outgroup,No,Away,0
9,Viking,Outgroup,No,Away,0
9,Viking,Outgroup,No,Away,1
9,Viking,Outgroup,No,Away,0
9,Viking,Outgroup,No,Away,0
9,Viking,Outgroup,No,Away,0
9,Viking,Outgroup,No,Away,0
9,Viking,Outgroup,No,Away,1
9,Viking,Outgroup,No,Away,0
9,Viking,Outgroup,No,Away,1
9,Viking,Outgroup,No,Away,0
9,Viking,Outgroup,No,Away,1
9,Viking,Outgroup,No,Away,0
9,Viking,Outgroup,No,Away,0
9,Viking,Outgroup,No,Away,1
9,Viking,Outgroup,No,Away,0
9,Viking,Outgroup,No,Away,0
9,Viking,Outgroup,No,Away,0
9,Viking,Outgroup,No,Away,1
9,Viking,Outgroup,No,Away,1
9,Viking,Outgroup,No,Away,0
9,Viking,Outgroup,No,Away,0
9,Viking,Outgroup,No,Away,0
9,Viking,Outgroup,No,Away,0
9,Viking,Outgroup,No,Away,0
10,Aalesund,Ingroup,Yes,Home,1
10,Aalesund,Ingroup,Yes,Home,1
10,Aalesund,Ingroup,Yes,Home,1
10,Aalesund,Ingroup,Yes,Home,1
10,Aalesund,Ingroup,Yes,Home,0
10,Aalesund,Ingroup,Yes,Home,0
10,Aalesund,Ingroup,Yes,Home,1
10,Aalesund,Ingroup,Yes,Home,1
10,Aalesund,Ingroup,Yes,Home,0
10,Aalesund,Ingroup,Yes,Home,0
10,Aalesund,Ingroup,Yes,Home,1
10,Aalesund,Ingroup,Yes,Home,1
10,Aalesund,Ingroup,Yes,Home,0
10,Aalesund,Ingroup,Yes,Home,0
10,Aalesund,Ingroup,Yes,Home,0
10,Aalesund,Ingroup,Yes,Home,0
10,Aalesund,Ingroup,Yes,Home,1
10,Aalesund,Ingroup,Yes,Home,1
10,Aalesund,Ingroup,Yes,Home,1
10,Aalesund,Ingroup,Yes,Home,1
10,Aalesund,Ingroup,Yes,Home,1
10,Aalesund,Ingroup,Yes,Home,1
10,Aalesund,Ingroup,Yes,Home,1
10,Aalesund,Ingroup,Yes,Home,1
10,Aalesund,Ingroup,Yes,Home,0
10,Aalesund,Ingroup,Yes,Home,1
10,Aalesund,Ingroup,Yes,Home,1
10,Aalesund,Ingroup,Yes,Home,0
10,Aalesund,Ingroup,Yes,Home,0
10,Aalesund,Ingroup,Yes,Home,1
10,Aalesund,Ingroup,Yes,Home,1
10,Aalesund,Ingroup,Yes,Home,0
10,Aalesund,Ingroup,Yes,Home,0
10,Aalesund,Ingroup,Yes,Home,0
10,Aalesund,Ingroup,Yes,Home,1
10,Aalesund,Ingroup,Yes,Home,0
10,Aalesund,Ingroup,Yes,Home,1
10,Aalesund,Ingroup,Yes,Home,1
10,Aalesund,Ingroup,Yes,Home,1
10,Aalesund,Ingroup,Yes,Home,1
10,Aalesund,Ingroup,Yes,Home,1
10,Aalesund,Ingroup,Yes,Home,1
10,Aalesund,Ingroup,Yes,Home,1
10,Aalesund,Ingroup,Yes,Home,0
10,Aalesund,Ingroup,Yes,Home,1
10,Aalesund,Ingroup,Yes,Home,1
10,Aalesund,Ingroup,Yes,Home,1
10,Aalesund,Ingroup,Yes,Home,1
10,Aalesund,Ingroup,Yes,Home,1
10,Aalesund,Ingroup,Yes,Home,1
10,Aalesund,Ingroup,Yes,Home,1
10,Aalesund,Ingroup,Yes,Home,1
10,Aalesund,Ingroup,Yes,Home,1
10,Aalesund,Ingroup,Yes,Home,1
10,Aalesund,Ingroup,Yes,Home,1
10,Aalesund,Ingroup,Yes,Home,1
10,Aalesund,Ingroup,Yes,Home,0
10,Aalesund,Ingroup,Yes,Home,0
10,Aalesund,Ingroup,Yes,Home,1
10,Aalesund,Ingroup,Yes,Home,1
10,Aalesund,Ingroup,Yes,Home,1
10,Aalesund,Ingroup,Yes,Home,0
10,Aalesund,Ingroup,Yes,Home,1
10,Aalesund,Ingroup,Yes,Home,0
10,Aalesund,Ingroup,Yes,Home,1
10,Aalesund,Ingroup,Yes,Home,1
10,Aalesund,Ingroup,Yes,Home,0
10,Aalesund,Ingroup,Yes,Home,1
10,Aalesund,Ingroup,Yes,Home,0
10,Aalesund,Ingroup,Yes,Home,1
10,Aalesund,Ingroup,Yes,Home,1
10,Aalesund,Ingroup,Yes,Home,1
10,Aalesund,Ingroup,Yes,Home,1
10,Aalesund,Ingroup,Yes,Home,0
10,Aalesund,Ingroup,Yes,Home,0
10,Aalesund,Ingroup,Yes,Home,1
10,Aalesund,Ingroup,Yes,Home,0
10,Aalesund,Ingroup,Yes,Home,1
10,Aalesund,Ingroup,Yes,Home,1
10,Aalesund,Ingroup,Yes,Home,0
10,Aalesund,Ingroup,Yes,Home,0
10,Aalesund,Ingroup,Yes,Home,1
10,Aalesund,Ingroup,Yes,Home,1
10,Aalesund,Ingroup,Yes,Home,1
10,Aalesund,Ingroup,Yes,Home,0
10,Aalesund,Ingroup,Yes,Home,0
10,Aalesund,Ingroup,Yes,Home,0
10,Aalesund,Ingroup,Yes,Home,1
10,Aalesund,Ingroup,Yes,Home,0
10,Aalesund,Ingroup,Yes,Home,1
10,Aalesund,Ingroup,Yes,Home,1
10,Aalesund,Ingroup,Yes,Home,1
10,Aalesund,Ingroup,Yes,Home,0
10,Aalesund,Ingroup,Yes,Home,1
10,Aalesund,Ingroup,Yes,Home,1
10,Aalesund,Ingroup,Yes,Home,1
10,Aalesund,Ingroup,Yes,Home,1
10,Aalesund,Ingroup,Yes,Home,1
10,Aalesund,Ingroup,Yes,Home,1
10,Aalesund,Ingroup,Yes,Home,0
10,Aalesund,Ingroup,Yes,Home,1
10,Aalesund,Ingroup,Yes,Home,0
10,Aalesund,Ingroup,Yes,Home,0
10,Aalesund,Ingroup,Yes,Home,1
11,Sarpsborg,Outgroup,Yes,Home,1
11,Sarpsborg,Outgroup,Yes,Home,1
11,Sarpsborg,Outgroup,Yes,Home,1
11,Sarpsborg,Outgroup,Yes,Home,1
11,Sarpsborg,Outgroup,Yes,Home,1
11,Sarpsborg,Outgroup,Yes,Home,1
11,Sarpsborg,Outgroup,Yes,Home,0
11,Sarpsborg,Outgroup,Yes,Home,0
11,Sarpsborg,Outgroup,Yes,Home,0
11,Sarpsborg,Outgroup,Yes,Home,1
11,Sarpsborg,Outgroup,Yes,Home,0
11,Sarpsborg,Outgroup,Yes,Home,1
11,Sarpsborg,Outgroup,Yes,Home,1
11,Sarpsborg,Outgroup,Yes,Home,1
11,Sarpsborg,Outgroup,Yes,Home,1
11,Sarpsborg,Outgroup,Yes,Home,0
11,Sarpsborg,Outgroup,Yes,Home,0
11,Sarpsborg,Outgroup,Yes,Home,1
11,Sarpsborg,Outgroup,Yes,Home,1
11,Sarpsborg,Outgroup,Yes,Home,1
11,Sarpsborg,Outgroup,Yes,Home,0
11,Sarpsborg,Outgroup,Yes,Home,0
11,Sarpsborg,Outgroup,Yes,Home,0
11,Sarpsborg,Outgroup,Yes,Home,0
11,Sarpsborg,Outgroup,Yes,Home,1
11,Sarpsborg,Outgroup,Yes,Home,1
11,Sarpsborg,Outgroup,Yes,Home,1
11,Sarpsborg,Outgroup,Yes,Home,1
11,Sarpsborg,Outgroup,Yes,Home,1
11,Sarpsborg,Outgroup,Yes,Home,0
11,Sarpsborg,Outgroup,Yes,Home,0
11,Sarpsborg,Outgroup,Yes,Home,0
11,Sarpsborg,Outgroup,Yes,Home,1
11,Sarpsborg,Outgroup,Yes,Home,1
11,Sarpsborg,Outgroup,Yes,Home,0
11,Sarpsborg,Outgroup,Yes,Home,1
11,Sarpsborg,Outgroup,Yes,Home,1
11,Sarpsborg,Outgroup,Yes,Home,1
11,Sarpsborg,Outgroup,Yes,Home,1
11,Sarpsborg,Outgroup,Yes,Home,1
11,Sarpsborg,Outgroup,Yes,Home,0
11,Sarpsborg,Outgroup,Yes,Home,1
11,Sarpsborg,Outgroup,Yes,Home,1
11,Sarpsborg,Outgroup,Yes,Home,1
11,Sarpsborg,Outgroup,Yes,Home,1
11,Sarpsborg,Outgroup,Yes,Home,0
11,Sarpsborg,Outgroup,Yes,Home,0
11,Sarpsborg,Outgroup,Yes,Home,0
11,Sarpsborg,Outgroup,Yes,Home,1
12,Tromsoe,Ingroup,Yes,Home,1
12,Tromsoe,Ingroup,Yes,Home,0
12,Tromsoe,Ingroup,Yes,Home,0
12,Tromsoe,Ingroup,Yes,Home,0
12,Tromsoe,Ingroup,Yes,Home,0
12,Tromsoe,Ingroup,Yes,Home,0
12,Tromsoe,Ingroup,Yes,Home,1
12,Tromsoe,Ingroup,Yes,Home,0
12,Tromsoe,Ingroup,Yes,Home,1
12,Tromsoe,Ingroup,Yes,Home,0
12,Tromsoe,Ingroup,Yes,Home,0
12,Tromsoe,Ingroup,Yes,Home,0
12,Tromsoe,Ingroup,Yes,Home,1
12,Tromsoe,Ingroup,Yes,Home,0
12,Tromsoe,Ingroup,Yes,Home,0
12,Tromsoe,Ingroup,Yes,Home,1
12,Tromsoe,Ingroup,Yes,Home,0
12,Tromsoe,Ingroup,Yes,Home,1
12,Tromsoe,Ingroup,Yes,Home,1
12,Tromsoe,Ingroup,Yes,Home,0
12,Tromsoe,Ingroup,Yes,Home,0
12,Tromsoe,Ingroup,Yes,Home,0
12,Tromsoe,Ingroup,Yes,Home,0
12,Tromsoe,Ingroup,Yes,Home,0
12,Tromsoe,Ingroup,Yes,Home,1
12,Tromsoe,Ingroup,Yes,Home,1
12,Tromsoe,Ingroup,Yes,Home,0
12,Tromsoe,Ingroup,Yes,Home,0
12,Tromsoe,Ingroup,Yes,Home,0
12,Tromsoe,Ingroup,Yes,Home,0
12,Tromsoe,Ingroup,Yes,Home,0
12,Tromsoe,Ingroup,Yes,Home,1
12,Tromsoe,Ingroup,Yes,Home,0
12,Tromsoe,Ingroup,Yes,Home,0
12,Tromsoe,Ingroup,Yes,Home,0
12,Tromsoe,Ingroup,Yes,Home,1
12,Tromsoe,Ingroup,Yes,Home,1
12,Tromsoe,Ingroup,Yes,Home,1
12,Tromsoe,Ingroup,Yes,Home,0
12,Tromsoe,Ingroup,Yes,Home,1
12,Tromsoe,Ingroup,Yes,Home,1
12,Tromsoe,Ingroup,Yes,Home,0
12,Tromsoe,Ingroup,Yes,Home,1
12,Tromsoe,Ingroup,Yes,Home,0
12,Tromsoe,Ingroup,Yes,Home,1
12,Tromsoe,Ingroup,Yes,Home,0
12,Tromsoe,Ingroup,Yes,Home,0
12,Tromsoe,Ingroup,Yes,Home,0
12,Tromsoe,Ingroup,Yes,Home,0
12,Tromsoe,Ingroup,Yes,Home,0
12,Tromsoe,Ingroup,Yes,Home,0
12,Tromsoe,Ingroup,Yes,Home,0
12,Tromsoe,Ingroup,Yes,Home,0
12,Tromsoe,Ingroup,Yes,Home,1
12,Tromsoe,Ingroup,Yes,Home,1
12,Tromsoe,Ingroup,Yes,Home,1
12,Tromsoe,Ingroup,Yes,Home,0
12,Tromsoe,Ingroup,Yes,Home,1
12,Tromsoe,Ingroup,Yes,Home,0
12,Tromsoe,Ingroup,Yes,Home,1
12,Tromsoe,Ingroup,Yes,Home,0
12,Tromsoe,Ingroup,Yes,Home,0
12,Tromsoe,Ingroup,Yes,Home,0
12,Tromsoe,Ingroup,Yes,Home,1
12,Tromsoe,Ingroup,Yes,Home,0
12,Tromsoe,Ingroup,Yes,Home,1
12,Tromsoe,Ingroup,Yes,Home,1
12,Tromsoe,Ingroup,Yes,Home,0
12,Tromsoe,Ingroup,Yes,Home,0
12,Tromsoe,Ingroup,Yes,Home,0
12,Tromsoe,Ingroup,Yes,Home,0
12,Tromsoe,Ingroup,Yes,Home,1
12,Tromsoe,Ingroup,Yes,Home,0
12,Tromsoe,Ingroup,Yes,Home,1
12,Tromsoe,Ingroup,Yes,Home,1
12,Tromsoe,Ingroup,Yes,Home,1
12,Tromsoe,Ingroup,Yes,Home,1
12,Tromsoe,Ingroup,Yes,Home,0
12,Tromsoe,Ingroup,Yes,Home,0
12,Tromsoe,Ingroup,Yes,Home,0
12,Tromsoe,Ingroup,Yes,Home,0
12,Tromsoe,Ingroup,Yes,Home,0
12,Tromsoe,Ingroup,Yes,Home,1
12,Tromsoe,Ingroup,Yes,Home,0
12,Tromsoe,Ingroup,Yes,Home,0
12,Tromsoe,Ingroup,Yes,Home,0
12,Tromsoe,Ingroup,Yes,Home,1
12,Tromsoe,Ingroup,Yes,Home,1
12,Tromsoe,Ingroup,Yes,Home,0
12,Tromsoe,Ingroup,Yes,Home,1
12,Tromsoe,Ingroup,Yes,Home,0
12,Tromsoe,Ingroup,Yes,Home,1
12,Tromsoe,Ingroup,Yes,Home,0
12,Tromsoe,Ingroup,Yes,Home,0
12,Tromsoe,Ingroup,Yes,Home,1
12,Tromsoe,Ingroup,Yes,Home,0
12,Tromsoe,Ingroup,Yes,Home,1
12,Tromsoe,Ingroup,Yes,Home,0
12,Tromsoe,Ingroup,Yes,Home,0
12,Tromsoe,Ingroup,Yes,Home,0
12,Tromsoe,Ingroup,Yes,Home,0
12,Tromsoe,Ingroup,Yes,Home,0
12,Tromsoe,Ingroup,Yes,Home,1
12,Tromsoe,Ingroup,Yes,Home,1
12,Tromsoe,Ingroup,Yes,Home,1
12,Tromsoe,Ingroup,Yes,Home,0
12,Tromsoe,Ingroup,Yes,Home,1
12,Tromsoe,Ingroup,Yes,Home,0
12,Tromsoe,Ingroup,Yes,Home,0
12,Tromsoe,Ingroup,Yes,Home,0
12,Tromsoe,Ingroup,Yes,Home,0
12,Tromsoe,Ingroup,Yes,Home,1
12,Tromsoe,Ingroup,Yes,Home,0
12,Tromsoe,Ingroup,Yes,Home,1
12,Tromsoe,Ingroup,Yes,Home,0
12,Tromsoe,Ingroup,Yes,Home,1
12,Tromsoe,Ingroup,Yes,Home,0
12,Tromsoe,Ingroup,Yes,Home,0
12,Tromsoe,Ingroup,Yes,Home,1
12,Tromsoe,Ingroup,Yes,Home,0
12,Tromsoe,Ingroup,Yes,Home,0
12,Tromsoe,Ingroup,Yes,Home,0
12,Tromsoe,Ingroup,Yes,Home,0
12,Tromsoe,Ingroup,Yes,Home,0
12,Tromsoe,Ingroup,Yes,Home,0
12,Tromsoe,Ingroup,Yes,Home,1
12,Tromsoe,Ingroup,Yes,Home,0
12,Tromsoe,Ingroup,Yes,Home,0
12,Tromsoe,Ingroup,Yes,Home,0
12,Tromsoe,Ingroup,Yes,Home,0
12,Tromsoe,Ingroup,Yes,Home,1
12,Tromsoe,Ingroup,Yes,Home,1
12,Tromsoe,Ingroup,Yes,Home,0
12,Tromsoe,Ingroup,Yes,Home,0
12,Tromsoe,Ingroup,Yes,Home,0
12,Tromsoe,Ingroup,Yes,Home,1
12,Tromsoe,Ingroup,Yes,Home,0
12,Tromsoe,Ingroup,Yes,Home,0
12,Tromsoe,Ingroup,Yes,Home,0
12,Tromsoe,Ingroup,Yes,Home,1
12,Tromsoe,Ingroup,Yes,Home,0
12,Tromsoe,Ingroup,Yes,Home,1
12,Tromsoe,Ingroup,Yes,Home,0
12,Tromsoe,Ingroup,Yes,Home,0
12,Tromsoe,Ingroup,Yes,Home,0
12,Tromsoe,Ingroup,Yes,Home,1
12,Tromsoe,Ingroup,Yes,Home,0
12,Tromsoe,Ingroup,Yes,Home,0
12,Tromsoe,Ingroup,Yes,Home,1
12,Tromsoe,Ingroup,Yes,Home,1
12,Tromsoe,Ingroup,Yes,Home,0
12,Tromsoe,Ingroup,Yes,Home,0
12,Tromsoe,Ingroup,Yes,Home,1
12,Tromsoe,Ingroup,Yes,Home,0
12,Tromsoe,Ingroup,Yes,Home,0
12,Tromsoe,Ingroup,Yes,Home,1
12,Tromsoe,Ingroup,Yes,Home,1
12,Tromsoe,Ingroup,Yes,Home,1
12,Tromsoe,Ingroup,Yes,Home,0
12,Tromsoe,Ingroup,Yes,Home,1
12,Tromsoe,Ingroup,Yes,Home,1
12,Tromsoe,Ingroup,Yes,Home,1
12,Tromsoe,Ingroup,Yes,Home,0
12,Tromsoe,Ingroup,Yes,Home,0
12,Tromsoe,Ingroup,Yes,Home,1
12,Tromsoe,Ingroup,Yes,Home,0
12,Tromsoe,Ingroup,Yes,Home,1
12,Tromsoe,Ingroup,Yes,Home,0
12,Tromsoe,Ingroup,Yes,Home,1
12,Tromsoe,Ingroup,Yes,Home,0
12,Tromsoe,Ingroup,Yes,Home,0
12,Tromsoe,Ingroup,Yes,Home,0
12,Tromsoe,Ingroup,Yes,Home,0
12,Tromsoe,Ingroup,Yes,Home,0
12,Tromsoe,Ingroup,Yes,Home,1
12,Tromsoe,Ingroup,Yes,Home,1
12,Tromsoe,Ingroup,Yes,Home,0
12,Tromsoe,Ingroup,Yes,Home,1
12,Tromsoe,Ingroup,Yes,Home,0
12,Tromsoe,Ingroup,Yes,Home,0
12,Tromsoe,Ingroup,Yes,Home,0
12,Tromsoe,Ingroup,Yes,Home,1
12,Tromsoe,Ingroup,Yes,Home,0
12,Tromsoe,Ingroup,Yes,Home,1
12,Tromsoe,Ingroup,Yes,Home,1
12,Tromsoe,Ingroup,Yes,Home,0
12,Tromsoe,Ingroup,Yes,Home,0
12,Tromsoe,Ingroup,Yes,Home,0
12,Tromsoe,Ingroup,Yes,Home,0
12,Tromsoe,Ingroup,Yes,Home,1
12,Tromsoe,Ingroup,Yes,Home,0
12,Tromsoe,Ingroup,Yes,Home,0
12,Tromsoe,Ingroup,Yes,Home,0
12,Tromsoe,Ingroup,Yes,Home,0
12,Tromsoe,Ingroup,Yes,Home,0
12,Tromsoe,Ingroup,Yes,Home,1
12,Tromsoe,Ingroup,Yes,Home,0
12,Tromsoe,Ingroup,Yes,Home,0
12,Tromsoe,Ingroup,Yes,Home,0
12,Tromsoe,Ingroup,Yes,Home,0
12,Tromsoe,Ingroup,Yes,Home,0
12,Tromsoe,Ingroup,Yes,Home,0
12,Tromsoe,Ingroup,Yes,Home,1
12,Tromsoe,Ingroup,Yes,Home,0
12,Tromsoe,Ingroup,Yes,Home,1
12,Tromsoe,Ingroup,Yes,Home,1
12,Tromsoe,Ingroup,Yes,Home,0
12,Tromsoe,Ingroup,Yes,Home,0
12,Tromsoe,Ingroup,Yes,Home,0
12,Tromsoe,Ingroup,Yes,Home,0
12,Tromsoe,Ingroup,Yes,Home,1
12,Tromsoe,Ingroup,Yes,Home,1
12,Tromsoe,Ingroup,Yes,Home,1
12,Tromsoe,Ingroup,Yes,Home,1
12,Tromsoe,Ingroup,Yes,Home,0
12,Tromsoe,Ingroup,Yes,Home,1
12,Tromsoe,Ingroup,Yes,Home,1
12,Tromsoe,Ingroup,Yes,Home,0
12,Tromsoe,Ingroup,Yes,Home,1
12,Tromsoe,Ingroup,Yes,Home,0
12,Tromsoe,Ingroup,Yes,Home,1
12,Tromsoe,Ingroup,Yes,Home,0
12,Tromsoe,Ingroup,Yes,Home,0
12,Tromsoe,Ingroup,Yes,Home,1
12,Tromsoe,Ingroup,Yes,Home,0
12,Tromsoe,Ingroup,Yes,Home,0
13,Molde,Outgroup,Yes,Home,1
13,Molde,Outgroup,Yes,Home,0
13,Molde,Outgroup,Yes,Home,1
13,Molde,Outgroup,Yes,Home,0
13,Molde,Outgroup,Yes,Home,0
13,Molde,Outgroup,Yes,Home,0
13,Molde,Outgroup,Yes,Home,1
13,Molde,Outgroup,Yes,Home,0
13,Molde,Outgroup,Yes,Home,1
13,Molde,Outgroup,Yes,Home,0
13,Molde,Outgroup,Yes,Home,0
13,Molde,Outgroup,Yes,Home,0
13,Molde,Outgroup,Yes,Home,0
13,Molde,Outgroup,Yes,Home,0
13,Molde,Outgroup,Yes,Home,1
13,Molde,Outgroup,Yes,Home,1
13,Molde,Outgroup,Yes,Home,0
13,Molde,Outgroup,Yes,Home,0
13,Molde,Outgroup,Yes,Home,1
13,Molde,Outgroup,Yes,Home,0
13,Molde,Outgroup,Yes,Home,0
13,Molde,Outgroup,Yes,Home,0
13,Molde,Outgroup,Yes,Home,0
13,Molde,Outgroup,Yes,Home,0
13,Molde,Outgroup,Yes,Home,0
13,Molde,Outgroup,Yes,Home,0
13,Molde,Outgroup,Yes,Home,1
13,Molde,Outgroup,Yes,Home,0
13,Molde,Outgroup,Yes,Home,1
13,Molde,Outgroup,Yes,Home,0
13,Molde,Outgroup,Yes,Home,0
13,Molde,Outgroup,Yes,Home,0
13,Molde,Outgroup,Yes,Home,1
13,Molde,Outgroup,Yes,Home,0
13,Molde,Outgroup,Yes,Home,0
13,Molde,Outgroup,Yes,Home,0
13,Molde,Outgroup,Yes,Home,1
13,Molde,Outgroup,Yes,Home,1
13,Molde,Outgroup,Yes,Home,0
13,Molde,Outgroup,Yes,Home,1
13,Molde,Outgroup,Yes,Home,0
13,Molde,Outgroup,Yes,Home,0
13,Molde,Outgroup,Yes,Home,1
13,Molde,Outgroup,Yes,Home,0
13,Molde,Outgroup,Yes,Home,1
13,Molde,Outgroup,Yes,Home,0
13,Molde,Outgroup,Yes,Home,0
13,Molde,Outgroup,Yes,Home,1
13,Molde,Outgroup,Yes,Home,0
13,Molde,Outgroup,Yes,Home,0
13,Molde,Outgroup,Yes,Home,0
13,Molde,Outgroup,Yes,Home,1
13,Molde,Outgroup,Yes,Home,0
13,Molde,Outgroup,Yes,Home,0
13,Molde,Outgroup,Yes,Home,1
13,Molde,Outgroup,Yes,Home,0
13,Molde,Outgroup,Yes,Home,0
13,Molde,Outgroup,Yes,Home,0
13,Molde,Outgroup,Yes,Home,0
13,Molde,Outgroup,Yes,Home,0
13,Molde,Outgroup,Yes,Home,0
13,Molde,Outgroup,Yes,Home,0
13,Molde,Outgroup,Yes,Home,0
13,Molde,Outgroup,Yes,Home,0
13,Molde,Outgroup,Yes,Home,0
13,Molde,Outgroup,Yes,Home,1
13,Molde,Outgroup,Yes,Home,0
13,Molde,Outgroup,Yes,Home,0
13,Molde,Outgroup,Yes,Home,1
13,Molde,Outgroup,Yes,Home,0
13,Molde,Outgroup,Yes,Home,0
13,Molde,Outgroup,Yes,Home,0
13,Molde,Outgroup,Yes,Home,1
13,Molde,Outgroup,Yes,Home,0
13,Molde,Outgroup,Yes,Home,0
13,Molde,Outgroup,Yes,Home,0
13,Molde,Outgroup,Yes,Home,0
13,Molde,Outgroup,Yes,Home,0
13,Molde,Outgroup,Yes,Home,0
13,Molde,Outgroup,Yes,Home,0
13,Molde,Outgroup,Yes,Home,0
13,Molde,Outgroup,Yes,Home,0
13,Molde,Outgroup,Yes,Home,0
13,Molde,Outgroup,Yes,Home,0
13,Molde,Outgroup,Yes,Home,0
13,Molde,Outgroup,Yes,Home,0
13,Molde,Outgroup,Yes,Home,0
13,Molde,Outgroup,Yes,Home,0
13,Molde,Outgroup,Yes,Home,1
13,Molde,Outgroup,Yes,Home,1
13,Molde,Outgroup,Yes,Home,0
13,Molde,Outgroup,Yes,Home,0
13,Molde,Outgroup,Yes,Home,0
13,Molde,Outgroup,Yes,Home,0
13,Molde,Outgroup,Yes,Home,1
13,Molde,Outgroup,Yes,Home,0
13,Molde,Outgroup,Yes,Home,1
13,Molde,Outgroup,Yes,Home,0
13,Molde,Outgroup,Yes,Home,1
13,Molde,Outgroup,Yes,Home,0
13,Molde,Outgroup,Yes,Home,1
13,Molde,Outgroup,Yes,Home,0
13,Molde,Outgroup,Yes,Home,0
13,Molde,Outgroup,Yes,Home,0
13,Molde,Outgroup,Yes,Home,0
13,Molde,Outgroup,Yes,Home,0
13,Molde,Outgroup,Yes,Home,1
13,Molde,Outgroup,Yes,Home,0
13,Molde,Outgroup,Yes,Home,0
13,Molde,Outgroup,Yes,Home,0
13,Molde,Outgroup,Yes,Home,0
13,Molde,Outgroup,Yes,Home,0
13,Molde,Outgroup,Yes,Home,0
13,Molde,Outgroup,Yes,Home,0
13,Molde,Outgroup,Yes,Home,0
13,Molde,Outgroup,Yes,Home,0
13,Molde,Outgroup,Yes,Home,0
13,Molde,Outgroup,Yes,Home,0
13,Molde,Outgroup,Yes,Home,0
13,Molde,Outgroup,Yes,Home,0
13,Molde,Outgroup,Yes,Home,1
13,Molde,Outgroup,Yes,Home,0
13,Molde,Outgroup,Yes,Home,0
13,Molde,Outgroup,Yes,Home,0
13,Molde,Outgroup,Yes,Home,0
13,Molde,Outgroup,Yes,Home,0
13,Molde,Outgroup,Yes,Home,0
13,Molde,Outgroup,Yes,Home,0
13,Molde,Outgroup,Yes,Home,1
13,Molde,Outgroup,Yes,Home,0
13,Molde,Outgroup,Yes,Home,1
13,Molde,Outgroup,Yes,Home,1
13,Molde,Outgroup,Yes,Home,0
13,Molde,Outgroup,Yes,Home,0
13,Molde,Outgroup,Yes,Home,0
13,Molde,Outgroup,Yes,Home,1
13,Molde,Outgroup,Yes,Home,0
13,Molde,Outgroup,Yes,Home,1
13,Molde,Outgroup,Yes,Home,0
13,Molde,Outgroup,Yes,Home,0
13,Molde,Outgroup,Yes,Home,1
13,Molde,Outgroup,Yes,Home,1
13,Molde,Outgroup,Yes,Home,0
13,Molde,Outgroup,Yes,Home,0
13,Molde,Outgroup,Yes,Home,0
13,Molde,Outgroup,Yes,Home,0
13,Molde,Outgroup,Yes,Home,0
13,Molde,Outgroup,Yes,Home,0
13,Molde,Outgroup,Yes,Home,0
13,Molde,Outgroup,Yes,Home,0
13,Molde,Outgroup,Yes,Home,0
13,Molde,Outgroup,Yes,Home,0
13,Molde,Outgroup,Yes,Home,0
13,Molde,Outgroup,Yes,Home,0
13,Molde,Outgroup,Yes,Home,0
13,Molde,Outgroup,Yes,Home,1
13,Molde,Outgroup,Yes,Home,0
13,Molde,Outgroup,Yes,Home,0
13,Molde,Outgroup,Yes,Home,0
13,Molde,Outgroup,Yes,Home,0
13,Molde,Outgroup,Yes,Home,0
13,Molde,Outgroup,Yes,Home,0
13,Molde,Outgroup,Yes,Home,0
13,Molde,Outgroup,Yes,Home,0
13,Molde,Outgroup,Yes,Home,0
13,Molde,Outgroup,Yes,Home,1
13,Molde,Outgroup,Yes,Home,1
13,Molde,Outgroup,Yes,Home,0
13,Molde,Outgroup,Yes,Home,0
13,Molde,Outgroup,Yes,Home,0
13,Molde,Outgroup,Yes,Home,0
13,Molde,Outgroup,Yes,Home,0
13,Molde,Outgroup,Yes,Home,0
13,Molde,Outgroup,Yes,Home,0
13,Molde,Outgroup,Yes,Home,0
13,Molde,Outgroup,Yes,Home,0
13,Molde,Outgroup,Yes,Home,0
13,Molde,Outgroup,Yes,Home,0
13,Molde,Outgroup,Yes,Home,0
13,Molde,Outgroup,Yes,Home,0
13,Molde,Outgroup,Yes,Home,0
13,Molde,Outgroup,Yes,Home,1
13,Molde,Outgroup,Yes,Home,0
13,Molde,Outgroup,Yes,Home,1
13,Molde,Outgroup,Yes,Home,1
13,Molde,Outgroup,Yes,Home,0
13,Molde,Outgroup,Yes,Home,0
13,Molde,Outgroup,Yes,Home,0
13,Molde,Outgroup,Yes,Home,0
13,Molde,Outgroup,Yes,Home,0
13,Molde,Outgroup,Yes,Home,0
13,Molde,Outgroup,Yes,Home,0
13,Molde,Outgroup,Yes,Home,1
13,Molde,Outgroup,Yes,Home,0
13,Molde,Outgroup,Yes,Home,1
13,Molde,Outgroup,Yes,Home,0
13,Molde,Outgroup,Yes,Home,0
13,Molde,Outgroup,Yes,Home,0
13,Molde,Outgroup,Yes,Home,0
13,Molde,Outgroup,Yes,Home,0
13,Molde,Outgroup,Yes,Home,0
13,Molde,Outgroup,Yes,Home,0
13,Molde,Outgroup,Yes,Home,1
13,Molde,Outgroup,Yes,Home,0
13,Molde,Outgroup,Yes,Home,0
13,Molde,Outgroup,Yes,Home,0
13,Molde,Outgroup,Yes,Home,0
13,Molde,Outgroup,Yes,Home,0
13,Molde,Outgroup,Yes,Home,0
13,Molde,Outgroup,Yes,Home,1
13,Molde,Outgroup,Yes,Home,0
13,Molde,Outgroup,Yes,Home,0
13,Molde,Outgroup,Yes,Home,0
13,Molde,Outgroup,Yes,Home,0
13,Molde,Outgroup,Yes,Home,0
13,Molde,Outgroup,Yes,Home,0
13,Molde,Outgroup,Yes,Home,0
13,Molde,Outgroup,Yes,Home,0
13,Molde,Outgroup,Yes,Home,1
13,Molde,Outgroup,Yes,Home,1
13,Molde,Outgroup,Yes,Home,0
13,Molde,Outgroup,Yes,Home,0
13,Molde,Outgroup,Yes,Home,0
13,Molde,Outgroup,Yes,Home,0
13,Molde,Outgroup,Yes,Home,0
13,Molde,Outgroup,Yes,Home,0
13,Molde,Outgroup,Yes,Home,1
13,Molde,Outgroup,Yes,Home,1
14,Odd,Ingroup,Yes,Home,1
14,Odd,Ingroup,Yes,Home,1
14,Odd,Ingroup,Yes,Home,1
14,Odd,Ingroup,Yes,Home,1
14,Odd,Ingroup,Yes,Home,1
14,Odd,Ingroup,Yes,Home,1
14,Odd,Ingroup,Yes,Home,1
14,Odd,Ingroup,Yes,Home,1
14,Odd,Ingroup,Yes,Home,1
14,Odd,Ingroup,Yes,Home,1
14,Odd,Ingroup,Yes,Home,1
14,Odd,Ingroup,Yes,Home,1
14,Odd,Ingroup,Yes,Home,1
14,Odd,Ingroup,Yes,Home,1
14,Odd,Ingroup,Yes,Home,1
14,Odd,Ingroup,Yes,Home,0
14,Odd,Ingroup,Yes,Home,0
14,Odd,Ingroup,Yes,Home,1
14,Odd,Ingroup,Yes,Home,0
14,Odd,Ingroup,Yes,Home,1
14,Odd,Ingroup,Yes,Home,1
14,Odd,Ingroup,Yes,Home,1
14,Odd,Ingroup,Yes,Home,0
14,Odd,Ingroup,Yes,Home,1
14,Odd,Ingroup,Yes,Home,1
14,Odd,Ingroup,Yes,Home,0
14,Odd,Ingroup,Yes,Home,1
14,Odd,Ingroup,Yes,Home,1
14,Odd,Ingroup,Yes,Home,1
14,Odd,Ingroup,Yes,Home,1
14,Odd,Ingroup,Yes,Home,0
14,Odd,Ingroup,Yes,Home,1
14,Odd,Ingroup,Yes,Home,1
14,Odd,Ingroup,Yes,Home,1
14,Odd,Ingroup,Yes,Home,1
14,Odd,Ingroup,Yes,Home,1
14,Odd,Ingroup,Yes,Home,1
14,Odd,Ingroup,Yes,Home,1
14,Odd,Ingroup,Yes,Home,1
14,Odd,Ingroup,Yes,Home,1
14,Odd,Ingroup,Yes,Home,1
14,Odd,Ingroup,Yes,Home,1
14,Odd,Ingroup,Yes,Home,1
14,Odd,Ingroup,Yes,Home,0
14,Odd,Ingroup,Yes,Home,1
14,Odd,Ingroup,Yes,Home,1
14,Odd,Ingroup,Yes,Home,1
14,Odd,Ingroup,Yes,Home,0
14,Odd,Ingroup,Yes,Home,1
14,Odd,Ingroup,Yes,Home,1
14,Odd,Ingroup,Yes,Home,1
14,Odd,Ingroup,Yes,Home,1
14,Odd,Ingroup,Yes,Home,1
14,Odd,Ingroup,Yes,Home,1
14,Odd,Ingroup,Yes,Home,1
14,Odd,Ingroup,Yes,Home,1
14,Odd,Ingroup,Yes,Home,1
14,Odd,Ingroup,Yes,Home,1
14,Odd,Ingroup,Yes,Home,1
14,Odd,Ingroup,Yes,Home,1
14,Odd,Ingroup,Yes,Home,1
14,Odd,Ingroup,Yes,Home,1
14,Odd,Ingroup,Yes,Home,1
15,Bodoe,Outgroup,Yes,Home,0
15,Bodoe,Outgroup,Yes,Home,0
15,Bodoe,Outgroup,Yes,Home,0
15,Bodoe,Outgroup,Yes,Home,0
15,Bodoe,Outgroup,Yes,Home,0
15,Bodoe,Outgroup,Yes,Home,0
15,Bodoe,Outgroup,Yes,Home,0
15,Bodoe,Outgroup,Yes,Home,0
15,Bodoe,Outgroup,Yes,Home,0
15,Bodoe,Outgroup,Yes,Home,0
15,Bodoe,Outgroup,Yes,Home,0
15,Bodoe,Outgroup,Yes,Home,0
15,Bodoe,Outgroup,Yes,Home,0
15,Bodoe,Outgroup,Yes,Home,0
15,Bodoe,Outgroup,Yes,Home,0
15,Bodoe,Outgroup,Yes,Home,0
15,Bodoe,Outgroup,Yes,Home,0
15,Bodoe,Outgroup,Yes,Home,0
15,Bodoe,Outgroup,Yes,Home,0
15,Bodoe,Outgroup,Yes,Home,0
15,Bodoe,Outgroup,Yes,Home,0
15,Bodoe,Outgroup,Yes,Home,0
15,Bodoe,Outgroup,Yes,Home,0
15,Bodoe,Outgroup,Yes,Home,1
15,Bodoe,Outgroup,Yes,Home,0
15,Bodoe,Outgroup,Yes,Home,0
15,Bodoe,Outgroup,Yes,Home,0
15,Bodoe,Outgroup,Yes,Home,0
15,Bodoe,Outgroup,Yes,Home,0
15,Bodoe,Outgroup,Yes,Home,1
15,Bodoe,Outgroup,Yes,Home,1
15,Bodoe,Outgroup,Yes,Home,0
15,Bodoe,Outgroup,Yes,Home,1
15,Bodoe,Outgroup,Yes,Home,0
15,Bodoe,Outgroup,Yes,Home,0
15,Bodoe,Outgroup,Yes,Home,0
15,Bodoe,Outgroup,Yes,Home,0
15,Bodoe,Outgroup,Yes,Home,0
15,Bodoe,Outgroup,Yes,Home,0
15,Bodoe,Outgroup,Yes,Home,0
15,Bodoe,Outgroup,Yes,Home,0
15,Bodoe,Outgroup,Yes,Home,0
15,Bodoe,Outgroup,Yes,Home,0
15,Bodoe,Outgroup,Yes,Home,1
15,Bodoe,Outgroup,Yes,Home,0
15,Bodoe,Outgroup,Yes,Home,0
15,Bodoe,Outgroup,Yes,Home,0
15,Bodoe,Outgroup,Yes,Home,0
15,Bodoe,Outgroup,Yes,Home,0
15,Bodoe,Outgroup,Yes,Home,0
15,Bodoe,Outgroup,Yes,Home,1
15,Bodoe,Outgroup,Yes,Home,0
15,Bodoe,Outgroup,Yes,Home,0
15,Bodoe,Outgroup,Yes,Home,0
15,Bodoe,Outgroup,Yes,Home,0
15,Bodoe,Outgroup,Yes,Home,0
15,Bodoe,Outgroup,Yes,Home,0
15,Bodoe,Outgroup,Yes,Home,0
15,Bodoe,Outgroup,Yes,Home,1
15,Bodoe,Outgroup,Yes,Home,0
15,Bodoe,Outgroup,Yes,Home,0
15,Bodoe,Outgroup,Yes,Home,0
15,Bodoe,Outgroup,Yes,Home,0
15,Bodoe,Outgroup,Yes,Home,0
15,Bodoe,Outgroup,Yes,Home,0
15,Bodoe,Outgroup,Yes,Home,0
15,Bodoe,Outgroup,Yes,Home,0
15,Bodoe,Outgroup,Yes,Home,0
15,Bodoe,Outgroup,Yes,Home,0
15,Bodoe,Outgroup,Yes,Home,0
15,Bodoe,Outgroup,Yes,Home,0
15,Bodoe,Outgroup,Yes,Home,0
15,Bodoe,Outgroup,Yes,Home,0
15,Bodoe,Outgroup,Yes,Home,0
15,Bodoe,Outgroup,Yes,Home,0
15,Bodoe,Outgroup,Yes,Home,0
15,Bodoe,Outgroup,Yes,Home,0
15,Bodoe,Outgroup,Yes,Home,0
15,Bodoe,Outgroup,Yes,Home,0
15,Bodoe,Outgroup,Yes,Home,1
15,Bodoe,Outgroup,Yes,Home,0
15,Bodoe,Outgroup,Yes,Home,0
15,Bodoe,Outgroup,Yes,Home,0
15,Bodoe,Outgroup,Yes,Home,1
15,Bodoe,Outgroup,Yes,Home,1
15,Bodoe,Outgroup,Yes,Home,0
15,Bodoe,Outgroup,Yes,Home,0
15,Bodoe,Outgroup,Yes,Home,1
15,Bodoe,Outgroup,Yes,Home,0
15,Bodoe,Outgroup,Yes,Home,0
15,Bodoe,Outgroup,Yes,Home,0
15,Bodoe,Outgroup,Yes,Home,0
15,Bodoe,Outgroup,Yes,Home,1
15,Bodoe,Outgroup,Yes,Home,0
15,Bodoe,Outgroup,Yes,Home,0
15,Bodoe,Outgroup,Yes,Home,0
15,Bodoe,Outgroup,Yes,Home,0
15,Bodoe,Outgroup,Yes,Home,0
15,Bodoe,Outgroup,Yes,Home,0
15,Bodoe,Outgroup,Yes,Home,0
15,Bodoe,Outgroup,Yes,Home,1
15,Bodoe,Outgroup,Yes,Home,0
15,Bodoe,Outgroup,Yes,Home,0
15,Bodoe,Outgroup,Yes,Home,0
15,Bodoe,Outgroup,Yes,Home,0
15,Bodoe,Outgroup,Yes,Home,0
15,Bodoe,Outgroup,Yes,Home,0
15,Bodoe,Outgroup,Yes,Home,0
15,Bodoe,Outgroup,Yes,Home,0
15,Bodoe,Outgroup,Yes,Home,0
15,Bodoe,Outgroup,Yes,Home,0
15,Bodoe,Outgroup,Yes,Home,0
15,Bodoe,Outgroup,Yes,Home,0
15,Bodoe,Outgroup,Yes,Home,0
15,Bodoe,Outgroup,Yes,Home,0
15,Bodoe,Outgroup,Yes,Home,0
15,Bodoe,Outgroup,Yes,Home,0
15,Bodoe,Outgroup,Yes,Home,0
15,Bodoe,Outgroup,Yes,Home,0
15,Bodoe,Outgroup,Yes,Home,0
15,Bodoe,Outgroup,Yes,Home,0
15,Bodoe,Outgroup,Yes,Home,0
15,Bodoe,Outgroup,Yes,Home,0
15,Bodoe,Outgroup,Yes,Home,0
15,Bodoe,Outgroup,Yes,Home,0
15,Bodoe,Outgroup,Yes,Home,0
15,Bodoe,Outgroup,Yes,Home,0
15,Bodoe,Outgroup,Yes,Home,0
15,Bodoe,Outgroup,Yes,Home,0
15,Bodoe,Outgroup,Yes,Home,0
15,Bodoe,Outgroup,Yes,Home,0
15,Bodoe,Outgroup,Yes,Home,0
15,Bodoe,Outgroup,Yes,Home,0
15,Bodoe,Outgroup,Yes,Home,0
15,Bodoe,Outgroup,Yes,Home,0
15,Bodoe,Outgroup,Yes,Home,1
15,Bodoe,Outgroup,Yes,Home,0
15,Bodoe,Outgroup,Yes,Home,0
15,Bodoe,Outgroup,Yes,Home,0
15,Bodoe,Outgroup,Yes,Home,0
15,Bodoe,Outgroup,Yes,Home,0
15,Bodoe,Outgroup,Yes,Home,0
15,Bodoe,Outgroup,Yes,Home,0
15,Bodoe,Outgroup,Yes,Home,0
15,Bodoe,Outgroup,Yes,Home,0
15,Bodoe,Outgroup,Yes,Home,0
15,Bodoe,Outgroup,Yes,Home,0
15,Bodoe,Outgroup,Yes,Home,0
15,Bodoe,Outgroup,Yes,Home,0
15,Bodoe,Outgroup,Yes,Home,0
15,Bodoe,Outgroup,Yes,Home,0
15,Bodoe,Outgroup,Yes,Home,0
15,Bodoe,Outgroup,Yes,Home,1
15,Bodoe,Outgroup,Yes,Home,0
15,Bodoe,Outgroup,Yes,Home,0
15,Bodoe,Outgroup,Yes,Home,0
15,Bodoe,Outgroup,Yes,Home,0
15,Bodoe,Outgroup,Yes,Home,0
15,Bodoe,Outgroup,Yes,Home,0
15,Bodoe,Outgroup,Yes,Home,0
15,Bodoe,Outgroup,Yes,Home,0
15,Bodoe,Outgroup,Yes,Home,0
15,Bodoe,Outgroup,Yes,Home,0
15,Bodoe,Outgroup,Yes,Home,0
15,Bodoe,Outgroup,Yes,Home,0
15,Bodoe,Outgroup,Yes,Home,0
15,Bodoe,Outgroup,Yes,Home,0
15,Bodoe,Outgroup,Yes,Home,0
15,Bodoe,Outgroup,Yes,Home,0
15,Bodoe,Outgroup,Yes,Home,1
15,Bodoe,Outgroup,Yes,Home,0
15,Bodoe,Outgroup,Yes,Home,0
15,Bodoe,Outgroup,Yes,Home,0
15,Bodoe,Outgroup,Yes,Home,0
15,Bodoe,Outgroup,Yes,Home,0
15,Bodoe,Outgroup,Yes,Home,1
15,Bodoe,Outgroup,Yes,Home,0
15,Bodoe,Outgroup,Yes,Home,0
15,Bodoe,Outgroup,Yes,Home,0
15,Bodoe,Outgroup,Yes,Home,0
15,Bodoe,Outgroup,Yes,Home,0
15,Bodoe,Outgroup,Yes,Home,0
15,Bodoe,Outgroup,Yes,Home,1
15,Bodoe,Outgroup,Yes,Home,0
15,Bodoe,Outgroup,Yes,Home,0
15,Bodoe,Outgroup,Yes,Home,0
15,Bodoe,Outgroup,Yes,Home,0
15,Bodoe,Outgroup,Yes,Home,0
15,Bodoe,Outgroup,Yes,Home,0
15,Bodoe,Outgroup,Yes,Home,0
15,Bodoe,Outgroup,Yes,Home,0
15,Bodoe,Outgroup,Yes,Home,0
15,Bodoe,Outgroup,Yes,Home,0
15,Bodoe,Outgroup,Yes,Home,0
15,Bodoe,Outgroup,Yes,Home,1
15,Bodoe,Outgroup,Yes,Home,1
15,Bodoe,Outgroup,Yes,Home,0
15,Bodoe,Outgroup,Yes,Home,0
15,Bodoe,Outgroup,Yes,Home,0
15,Bodoe,Outgroup,Yes,Home,0
15,Bodoe,Outgroup,Yes,Home,0
15,Bodoe,Outgroup,Yes,Home,1
15,Bodoe,Outgroup,Yes,Home,0
15,Bodoe,Outgroup,Yes,Home,0
15,Bodoe,Outgroup,Yes,Home,0
15,Bodoe,Outgroup,Yes,Home,1
15,Bodoe,Outgroup,Yes,Home,0
15,Bodoe,Outgroup,Yes,Home,1
15,Bodoe,Outgroup,Yes,Home,1
15,Bodoe,Outgroup,Yes,Home,0
15,Bodoe,Outgroup,Yes,Home,0
15,Bodoe,Outgroup,Yes,Home,0
15,Bodoe,Outgroup,Yes,Home,1
15,Bodoe,Outgroup,Yes,Home,0
15,Bodoe,Outgroup,Yes,Home,0
15,Bodoe,Outgroup,Yes,Home,1
15,Bodoe,Outgroup,Yes,Home,0
15,Bodoe,Outgroup,Yes,Home,1
15,Bodoe,Outgroup,Yes,Home,0
15,Bodoe,Outgroup,Yes,Home,0
15,Bodoe,Outgroup,Yes,Home,1
15,Bodoe,Outgroup,Yes,Home,0
15,Bodoe,Outgroup,Yes,Home,1
15,Bodoe,Outgroup,Yes,Home,1
15,Bodoe,Outgroup,Yes,Home,1
15,Bodoe,Outgroup,Yes,Home,1
15,Bodoe,Outgroup,Yes,Home,0
15,Bodoe,Outgroup,Yes,Home,0
15,Bodoe,Outgroup,Yes,Home,0
15,Bodoe,Outgroup,Yes,Home,0
15,Bodoe,Outgroup,Yes,Home,0
15,Bodoe,Outgroup,Yes,Home,0
15,Bodoe,Outgroup,Yes,Home,0
15,Bodoe,Outgroup,Yes,Home,0
15,Bodoe,Outgroup,Yes,Home,0
15,Bodoe,Outgroup,Yes,Home,0
15,Bodoe,Outgroup,Yes,Home,0
15,Bodoe,Outgroup,Yes,Home,0
15,Bodoe,Outgroup,Yes,Home,0
15,Bodoe,Outgroup,Yes,Home,1
15,Bodoe,Outgroup,Yes,Home,0
15,Bodoe,Outgroup,Yes,Home,0
15,Bodoe,Outgroup,Yes,Home,0
15,Bodoe,Outgroup,Yes,Home,0
15,Bodoe,Outgroup,Yes,Home,0
15,Bodoe,Outgroup,Yes,Home,0
15,Bodoe,Outgroup,Yes,Home,0
15,Bodoe,Outgroup,Yes,Home,0
15,Bodoe,Outgroup,Yes,Home,1
15,Bodoe,Outgroup,Yes,Home,0
15,Bodoe,Outgroup,Yes,Home,1
15,Bodoe,Outgroup,Yes,Home,0
15,Bodoe,Outgroup,Yes,Home,0
15,Bodoe,Outgroup,Yes,Home,0
15,Bodoe,Outgroup,Yes,Home,0
15,Bodoe,Outgroup,Yes,Home,0
15,Bodoe,Outgroup,Yes,Home,0
15,Bodoe,Outgroup,Yes,Home,0
15,Bodoe,Outgroup,Yes,Home,0
15,Bodoe,Outgroup,Yes,Home,0
15,Bodoe,Outgroup,Yes,Home,0
15,Bodoe,Outgroup,Yes,Home,0
15,Bodoe,Outgroup,Yes,Home,0
15,Bodoe,Outgroup,Yes,Home,0
15,Bodoe,Outgroup,Yes,Home,0
15,Bodoe,Outgroup,Yes,Home,1
15,Bodoe,Outgroup,Yes,Home,0
15,Bodoe,Outgroup,Yes,Home,0
15,Bodoe,Outgroup,Yes,Home,0
15,Bodoe,Outgroup,Yes,Home,1
15,Bodoe,Outgroup,Yes,Home,0
15,Bodoe,Outgroup,Yes,Home,1
15,Bodoe,Outgroup,Yes,Home,0
15,Bodoe,Outgroup,Yes,Home,0
15,Bodoe,Outgroup,Yes,Home,0
15,Bodoe,Outgroup,Yes,Home,0
